data;time;snr;rssi;ferror;port;counter;lat;lon;gs;stations;rawMessage;direction;
712019F90B;1727015259;-17.5;-124;0;1;283;0;0;1;2;eyJlbmRfZGV2aWNlX2lkcyI6IHsiZGV2aWNlX2lkIjogImV1aS03MGIzZDU3ZWQwMDY4OTljIiwgImFwcGxpY2F0aW9uX2lkcyI6IHsiYXBwbGljYXRpb25faWQiOiAicHBpY292MS1kZW1vIn0sICJkZXZfZXVpIjogIjcwQjNENTdFRDAwNjg5OUMiLCAiZGV2X2FkZHIiOiAiMjYwQkJERTYifSwgImNvcnJlbGF0aW9uX2lkcyI6IFsiZ3M6dXBsaW5rOjAxSjhEMjMzUENLUkFFWFpDREtDMDNUNVdaIl0sICJyZWNlaXZlZF9hdCI6ICIyMDI0LTA5LTIyVDE0OjI3OjQwLjA1OTAzNzI3NloiLCAidXBsaW5rX21lc3NhZ2UiOiB7ImZfcG9ydCI6IDEsICJmX2NudCI6IDI4MywgImZybV9wYXlsb2FkIjogImNTQVorUXM9IiwgImRlY29kZWRfcGF5bG9hZCI6IHsiaGlzdG9yeSI6IDExLCAicHJlc3MiOiA5OTYsICJyZXNldHMiOiAxMTMsICJzb2xhciI6IDAuMzIxMjU0OTAxOTYwNzg0MywgInRlbXAiOiAxMi41fSwgInJ4X21ldGFkYXRhIjogW3siZ2F0ZXdheV9pZHMiOiB7ImdhdGV3YXlfaWQiOiAia2VybGluay13aXJuZXQtaW90LTIiLCAiZXVpIjogIjcyNzZGRjAwMEIwMzA5MzYifSwgInRpbWUiOiAiMjAyNC0wOS0yMlQxNDoyNzozOVoiLCAidGltZXN0YW1wIjogMTc5NjAzMTEwMCwgInJzc2kiOiAtMTI0LCAiY2hhbm5lbF9yc3NpIjogLTEyNCwgInNuciI6IC0xNywgImxvY2F0aW9uIjogeyJsYXRpdHVkZSI6IDQ5LjIyMDQzMTg1NTU0Mjk0LCAibG9uZ2l0dWRlIjogMTYuNTA5MTQ0MDA4MTU5NjQsICJhbHRpdHVkZSI6IDI0MCwgInNvdXJjZSI6ICJTT1VSQ0VfUkVHSVNUUlkifSwgInVwbGlua190b2tlbiI6ICJDaUlLSUFvVWEyVnliR2x1YXkxM2FYSnVaWFF0YVc5MExUSVNDSEoyL3dBTEF3azJFUHlFdGRnR0dnd0kyOUxBdHdZUXV0ZkRsZ01nNE9pdTNxS0p0UUU9IiwgInJlY2VpdmVkX2F0IjogIjIwMjQtMDktMjJUMTQ6Mjc6MzkuODUyNTUyNjM0WiJ9LCB7ImdhdGV3YXlfaWRzIjogeyJnYXRld2F5X2lkIjogImp1c3QtdGVzdC1nYXRld2F5IiwgImV1aSI6ICIzNzMwMzkyMDQzMDAzODAwIn0sICJ0aW1lIjogIjIwMjQtMDktMjJUMTQ6MjA6MDAuMzAzOTcyWiIsICJ0aW1lc3RhbXAiOiA5MDU3MjUzODUsICJyc3NpIjogLTExNiwgImNoYW5uZWxfcnNzaSI6IC0xMTYsICJzbnIiOiAtMTcuNSwgInVwbGlua190b2tlbiI6ICJDaDhLSFFvUmFuVnpkQzEwWlhOMExXZGhkR1YzWVhrU0NEY3dPU0JEQURnQUVNbUw4YThER2d3STI5TEF0d1lRNmZMem13TWdxTExDaTY3dnRBRT0iLCAicmVjZWl2ZWRfYXQiOiAiMjAyNC0wOS0yMlQxNDoyNzozOS44NjM4MjgzMjlaIn1dLCAic2V0dGluZ3MiOiB7ImRhdGFfcmF0ZSI6IHsibG9yYSI6IHsiYmFuZHdpZHRoIjogMTI1MDAwLCAic3ByZWFkaW5nX2ZhY3RvciI6IDEyLCAiY29kaW5nX3JhdGUiOiAiNC81In19LCAiZnJlcXVlbmN5IjogIjg2ODEwMDAwMCIsICJ0aW1lc3RhbXAiOiAxNzk2MDMxMTAwLCAidGltZSI6ICIyMDI0LTA5LTIyVDE0OjI3OjM5WiJ9LCAicmVjZWl2ZWRfYXQiOiAiMjAyNC0wOS0yMlQxNDoyNzozOS44NTM3NzQ5NDRaIiwgImNvbnN1bWVkX2FpcnRpbWUiOiAiMS4zMTg5MTJzIiwgInBhY2tldF9lcnJvcl9yYXRlIjogMC4yLCAibmV0d29ya19pZHMiOiB7Im5ldF9pZCI6ICIwMDAwMTMiLCAibnNfaWQiOiAiRUM2NTZFMDAwMDAwMDE4MSIsICJ0ZW5hbnRfaWQiOiAidHRuIiwgImNsdXN0ZXJfaWQiOiAiZXUxIiwgImNsdXN0ZXJfYWRkcmVzcyI6ICJldTEuY2xvdWQudGhldGhpbmdzLm5ldHdvcmsifX19;down;
711D19F90D;1727015442;-14.5;-124;0;1;285;0;0;1;1;eyJlbmRfZGV2aWNlX2lkcyI6IHsiZGV2aWNlX2lkIjogImV1aS03MGIzZDU3ZWQwMDY4OTljIiwgImFwcGxpY2F0aW9uX2lkcyI6IHsiYXBwbGljYXRpb25faWQiOiAicHBpY292MS1kZW1vIn0sICJkZXZfZXVpIjogIjcwQjNENTdFRDAwNjg5OUMiLCAiZGV2X2FkZHIiOiAiMjYwQkJERTYifSwgImNvcnJlbGF0aW9uX2lkcyI6IFsiZ3M6dXBsaW5rOjAxSjhEMjhOTTVUMkY4Q0dQM0UxNVE4NERFIl0sICJyZWNlaXZlZF9hdCI6ICIyMDI0LTA5LTIyVDE0OjMwOjQyLjI1OTkxMTI2MVoiLCAidXBsaW5rX21lc3NhZ2UiOiB7ImZfcG9ydCI6IDEsICJmX2NudCI6IDI4NSwgImZybV9wYXlsb2FkIjogImNSMForUTA9IiwgImRlY29kZWRfcGF5bG9hZCI6IHsiaGlzdG9yeSI6IDEzLCAicHJlc3MiOiA5OTYsICJyZXNldHMiOiAxMTMsICJzb2xhciI6IDAuMjkxMTM3MjU0OTAxOTYwOCwgInRlbXAiOiAxMi41fSwgInJ4X21ldGFkYXRhIjogW3siZ2F0ZXdheV9pZHMiOiB7ImdhdGV3YXlfaWQiOiAia2VybGluay13aXJuZXQtaW90LTIiLCAiZXVpIjogIjcyNzZGRjAwMEIwMzA5MzYifSwgInRpbWUiOiAiMjAyNC0wOS0yMlQxNDozMDo0MloiLCAidGltZXN0YW1wIjogMTk3ODIzMDM0OCwgInJzc2kiOiAtMTI0LCAiY2hhbm5lbF9yc3NpIjogLTEyNCwgInNuciI6IC0xNC41LCAibG9jYXRpb24iOiB7ImxhdGl0dWRlIjogNDkuMjIwNDMxODU1NTQyOTQsICJsb25naXR1ZGUiOiAxNi41MDkxNDQwMDgxNTk2NCwgImFsdGl0dWRlIjogMjQwLCAic291cmNlIjogIlNPVVJDRV9SRUdJU1RSWSJ9LCAidXBsaW5rX3Rva2VuIjogIkNpSUtJQW9VYTJWeWJHbHVheTEzYVhKdVpYUXRhVzkwTFRJU0NISjIvd0FMQXdrMkVNek1wYThIR2dzSWt0VEF0d1lRd1lMN0dDRGdzZDY5eVk2MUFRPT0iLCAicmVjZWl2ZWRfYXQiOiAiMjAyNC0wOS0yMlQxNDozMDo0Mi4wNTIzNDcyMDFaIn1dLCAic2V0dGluZ3MiOiB7ImRhdGFfcmF0ZSI6IHsibG9yYSI6IHsiYmFuZHdpZHRoIjogMTI1MDAwLCAic3ByZWFkaW5nX2ZhY3RvciI6IDEyLCAiY29kaW5nX3JhdGUiOiAiNC81In19LCAiZnJlcXVlbmN5IjogIjg2ODEwMDAwMCIsICJ0aW1lc3RhbXAiOiAxOTc4MjMwMzQ4LCAidGltZSI6ICIyMDI0LTA5LTIyVDE0OjMwOjQyWiJ9LCAicmVjZWl2ZWRfYXQiOiAiMjAyNC0wOS0yMlQxNDozMDo0Mi4wNTM4MzE1OTNaIiwgImNvbnN1bWVkX2FpcnRpbWUiOiAiMS4zMTg5MTJzIiwgInBhY2tldF9lcnJvcl9yYXRlIjogMC4yMzA3NjkyMywgIm5ldHdvcmtfaWRzIjogeyJuZXRfaWQiOiAiMDAwMDEzIiwgIm5zX2lkIjogIkVDNjU2RTAwMDAwMDAxODEiLCAidGVuYW50X2lkIjogInR0biIsICJjbHVzdGVyX2lkIjogImV1MSIsICJjbHVzdGVyX2FkZHJlc3MiOiAiZXUxLmNsb3VkLnRoZXRoaW5ncy5uZXR3b3JrIn19fQ==;down;
1727016289;771E19F919;10.00;-7138.44;-37.00;1;292;0;0;0;1;;down;
771D19F91B;1727016471;-18;-117;-7105.41;1;294;0;0;0;4;eyJlbmRfZGV2aWNlX2lkcyI6IHsiZGV2aWNlX2lkIjogImV1aS03MGIzZDU3ZWQwMDY4OTljIiwgImFwcGxpY2F0aW9uX2lkcyI6IHsiYXBwbGljYXRpb25faWQiOiAicHBpY292MS1kZW1vIn0sICJkZXZfZXVpIjogIjcwQjNENTdFRDAwNjg5OUMiLCAiZGV2X2FkZHIiOiAiMjYwQkJERTYifSwgImNvcnJlbGF0aW9uX2lkcyI6IFsiZ3M6dXBsaW5rOjAxSjhEMzgyUTQ2Uzg5QlZISllOTjhTUE1ZIl0sICJyZWNlaXZlZF9hdCI6ICIyMDI0LTA5LTIyVDE0OjQ3OjUxLjQ3NjE1ODgzMFoiLCAidXBsaW5rX21lc3NhZ2UiOiB7ImZfcG9ydCI6IDEsICJmX2NudCI6IDI5NCwgImZybV9wYXlsb2FkIjogImR4MForUnM9IiwgImRlY29kZWRfcGF5bG9hZCI6IHsiaGlzdG9yeSI6IDI3LCAicHJlc3MiOiA5OTYsICJyZXNldHMiOiAxMTksICJzb2xhciI6IDAuMjkxMTM3MjU0OTAxOTYwOCwgInRlbXAiOiAxMi41fSwgInJ4X21ldGFkYXRhIjogW3siZ2F0ZXdheV9pZHMiOiB7ImdhdGV3YXlfaWQiOiAia2VybGluay13aXJuZXQtaW90LTIiLCAiZXVpIjogIjcyNzZGRjAwMEIwMzA5MzYifSwgInRpbWUiOiAiMjAyNC0wOS0yMlQxNDo0Nzo1MVoiLCAidGltZXN0YW1wIjogMzAwNzQzODgyMCwgInJzc2kiOiAtMTE3LCAiY2hhbm5lbF9yc3NpIjogLTExNywgInNuciI6IC0xNC41LCAibG9jYXRpb24iOiB7ImxhdGl0dWRlIjogNDkuMjIwNDMxODU1NTQyOTQsICJsb25naXR1ZGUiOiAxNi41MDkxNDQwMDgxNTk2NCwgImFsdGl0dWRlIjogMjQwLCAic291cmNlIjogIlNPVVJDRV9SRUdJU1RSWSJ9LCAidXBsaW5rX3Rva2VuIjogIkNpSUtJQW9VYTJWeWJHbHVheTEzYVhKdVpYUXRhVzkwTFRJU0NISjIvd0FMQXdrMkVPUy9oNW9MR2dzSWw5ekF0d1lReXFqZWZ5Q2dwY3JLdzZ5MUFRPT0iLCAicmVjZWl2ZWRfYXQiOiAiMjAyNC0wOS0yMlQxNDo0Nzo1MS4yNjc4ODM1OTRaIn0sIHsiZ2F0ZXdheV9pZHMiOiB7ImdhdGV3YXlfaWQiOiAiMzEzMzMwMzc0NjAwNzUwMCIsICJldWkiOiAiMzEzMzMwMzc0NjAwNzUwMCJ9LCAidGltZSI6ICIyMDI0LTA5LTIyVDE0OjQ3OjQzLjY0ODE1MloiLCAidGltZXN0YW1wIjogMjY4NzAwNjE4MCwgInJzc2kiOiAtMTA1LCAiY2hhbm5lbF9yc3NpIjogLTEwNSwgInNuciI6IC0xOCwgImxvY2F0aW9uIjogeyJsYXRpdHVkZSI6IDQ5LjI1NTY0OTQwMDM4MTUxNSwgImxvbmdpdHVkZSI6IDE2LjU5MTgwOTMzODI5MDgwNSwgImFsdGl0dWRlIjogMjMwLCAic291cmNlIjogIlNPVVJDRV9SRUdJU1RSWSJ9LCAidXBsaW5rX3Rva2VuIjogIkNoNEtIQW9RTXpFek16TXdNemMwTmpBd056VXdNQklJTVRNd04wWUFkUUFRNU91aGdRb2FEQWlYM01DM0JoRDJ6ZkNBQVNDZ2hiTHdtYU8xQVE9PSIsICJyZWNlaXZlZF9hdCI6ICIyMDI0LTA5LTIyVDE0OjQ3OjUxLjI0NzQ2MDE2M1oifSwgeyJnYXRld2F5X2lkcyI6IHsiZ2F0ZXdheV9pZCI6ICJqdXN0LXRlc3QtZ2F0ZXdheSIsICJldWkiOiAiMzczMDM5MjA0MzAwMzgwMCJ9LCAidGltZSI6ICIyMDI0LTA5LTIyVDE0OjQwOjExLjcwMTEzOFoiLCAidGltZXN0YW1wIjogMjExNzEzMDUyMSwgInJzc2kiOiAtMTE1LCAiY2hhbm5lbF9yc3NpIjogLTExNSwgInNuciI6IC0xNywgInVwbGlua190b2tlbiI6ICJDaDhLSFFvUmFuVnpkQzEwWlhOMExXZGhkR1YzWVhrU0NEY3dPU0JEQURnQUVKbXl3L0VIR2d3SWw5ekF0d1lRbktmUWdRRWdxSlBBOXM2U3RRRT0iLCAicmVjZWl2ZWRfYXQiOiAiMjAyNC0wOS0yMlQxNDo0Nzo1MS4yNzE4NDgzNDhaIn1dLCAic2V0dGluZ3MiOiB7ImRhdGFfcmF0ZSI6IHsibG9yYSI6IHsiYmFuZHdpZHRoIjogMTI1MDAwLCAic3ByZWFkaW5nX2ZhY3RvciI6IDEyLCAiY29kaW5nX3JhdGUiOiAiNC81In19LCAiZnJlcXVlbmN5IjogIjg2ODEwMDAwMCIsICJ0aW1lc3RhbXAiOiAzMDA3NDM4ODIwLCAidGltZSI6ICIyMDI0LTA5LTIyVDE0OjQ3OjUxWiJ9LCAicmVjZWl2ZWRfYXQiOiAiMjAyNC0wOS0yMlQxNDo0Nzo1MS4yNjk0MDg2MTNaIiwgImNvbnN1bWVkX2FpcnRpbWUiOiAiMS4zMTg5MTJzIiwgInBhY2tldF9lcnJvcl9yYXRlIjogMC4zNzUsICJuZXR3b3JrX2lkcyI6IHsibmV0X2lkIjogIjAwMDAxMyIsICJuc19pZCI6ICJFQzY1NkUwMDAwMDAwMTgxIiwgInRlbmFudF9pZCI6ICJ0dG4iLCAiY2x1c3Rlcl9pZCI6ICJldTEiLCAiY2x1c3Rlcl9hZGRyZXNzIjogImV1MS5jbG91ZC50aGV0aGluZ3MubmV0d29yayJ9fX0=;down;
1727016545;1DFFFF1A000500008986010025FFFF1A000500008986010027FFFF1A000500;9.75;-7100.17;-41.00;2;295;0;0;0;1;;down;
771C19F91C;1727016563;-17;-114;-7059.80;1;296;0;0;0;3;eyJlbmRfZGV2aWNlX2lkcyI6IHsiZGV2aWNlX2lkIjogImV1aS03MGIzZDU3ZWQwMDY4OTljIiwgImFwcGxpY2F0aW9uX2lkcyI6IHsiYXBwbGljYXRpb25faWQiOiAicHBpY292MS1kZW1vIn0sICJkZXZfZXVpIjogIjcwQjNENTdFRDAwNjg5OUMiLCAiZGV2X2FkZHIiOiAiMjYwQkJERTYifSwgImNvcnJlbGF0aW9uX2lkcyI6IFsiZ3M6dXBsaW5rOjAxSjhEM0FXWkQxQkFXTkJOWEZROVZQUFZWIl0sICJyZWNlaXZlZF9hdCI6ICIyMDI0LTA5LTIyVDE0OjQ5OjIzLjg5NzkzMjE5OFoiLCAidXBsaW5rX21lc3NhZ2UiOiB7ImZfcG9ydCI6IDEsICJmX2NudCI6IDI5NiwgImZybV9wYXlsb2FkIjogImR4d1orUnc9IiwgImRlY29kZWRfcGF5bG9hZCI6IHsiaGlzdG9yeSI6IDI4LCAicHJlc3MiOiA5OTYsICJyZXNldHMiOiAxMTksICJzb2xhciI6IDAuMjgxMDk4MDM5MjE1Njg2MjcsICJ0ZW1wIjogMTIuNX0sICJyeF9tZXRhZGF0YSI6IFt7ImdhdGV3YXlfaWRzIjogeyJnYXRld2F5X2lkIjogImtlcmxpbmstd2lybmV0LWlvdC0yIiwgImV1aSI6ICI3Mjc2RkYwMDBCMDMwOTM2In0sICJ0aW1lIjogIjIwMjQtMDktMjJUMTQ6NDk6MjNaIiwgInRpbWVzdGFtcCI6IDMwOTk4Njk3ODAsICJyc3NpIjogLTExMSwgImNoYW5uZWxfcnNzaSI6IC0xMTEsICJzbnIiOiAtMTMsICJsb2NhdGlvbiI6IHsibGF0aXR1ZGUiOiA0OS4yMjA0MzE4NTU1NDI5NCwgImxvbmdpdHVkZSI6IDE2LjUwOTE0NDAwODE1OTY0LCAiYWx0aXR1ZGUiOiAyNDAsICJzb3VyY2UiOiAiU09VUkNFX1JFR0lTVFJZIn0sICJ1cGxpbmtfdG9rZW4iOiAiQ2lJS0lBb1VhMlZ5YkdsdWF5MTNhWEp1WlhRdGFXOTBMVElTQ0hKMi93QUxBd2syRU5TRWtjWUxHZ3dJODl6QXR3WVF3Nnl5eWdJZ29MQ005WnV2dFFFPSIsICJyZWNlaXZlZF9hdCI6ICIyMDI0LTA5LTIyVDE0OjQ5OjIzLjY5Mjg4NTA1OVoifSwgeyJnYXRld2F5X2lkcyI6IHsiZ2F0ZXdheV9pZCI6ICJqdXN0LXRlc3QtZ2F0ZXdheSIsICJldWkiOiAiMzczMDM5MjA0MzAwMzgwMCJ9LCAidGltZSI6ICIyMDI0LTA5LTIyVDE0OjQxOjQ0LjEzMDUxM1oiLCAidGltZXN0YW1wIjogMjIwOTU2MTI4MSwgInJzc2kiOiAtMTE0LCAiY2hhbm5lbF9yc3NpIjogLTExNCwgInNuciI6IC0xNywgInVwbGlua190b2tlbiI6ICJDaDhLSFFvUmFuVnpkQzEwWlhOMExXZGhkR1YzWVhrU0NEY3dPU0JEQURnQUVNSDF6SjBJR2d3STg5ekF0d1lRb3RUVDBBSWc2SVAyb0tlVnRRRT0iLCAicmVjZWl2ZWRfYXQiOiAiMjAyNC0wOS0yMlQxNDo0OToyMy43MDYwMTM3MzBaIn1dLCAic2V0dGluZ3MiOiB7ImRhdGFfcmF0ZSI6IHsibG9yYSI6IHsiYmFuZHdpZHRoIjogMTI1MDAwLCAic3ByZWFkaW5nX2ZhY3RvciI6IDEyLCAiY29kaW5nX3JhdGUiOiAiNC81In19LCAiZnJlcXVlbmN5IjogIjg2ODEwMDAwMCIsICJ0aW1lc3RhbXAiOiAzMDk5ODY5NzgwLCAidGltZSI6ICIyMDI0LTA5LTIyVDE0OjQ5OjIzWiJ9LCAicmVjZWl2ZWRfYXQiOiAiMjAyNC0wOS0yMlQxNDo0OToyMy42OTM5MTExODVaIiwgImNvbnN1bWVkX2FpcnRpbWUiOiAiMS4zMTg5MTJzIiwgInBhY2tldF9lcnJvcl9yYXRlIjogMC4zOTM5Mzk0LCAibmV0d29ya19pZHMiOiB7Im5ldF9pZCI6ICIwMDAwMTMiLCAibnNfaWQiOiAiRUM2NTZFMDAwMDAwMDE4MSIsICJ0ZW5hbnRfaWQiOiAidHRuIiwgImNsdXN0ZXJfaWQiOiAiZXUxIiwgImNsdXN0ZXJfYWRkcmVzcyI6ICJldTEuY2xvdWQudGhldGhpbmdzLm5ldHdvcmsifX19;down;
7F1E46F605;1727017833;-10.5;-123;-4855.17;1;297;0;0;0;2;eyJlbmRfZGV2aWNlX2lkcyI6IHsiZGV2aWNlX2lkIjogImV1aS03MGIzZDU3ZWQwMDY4OTljIiwgImFwcGxpY2F0aW9uX2lkcyI6IHsiYXBwbGljYXRpb25faWQiOiAicHBpY292MS1kZW1vIn0sICJkZXZfZXVpIjogIjcwQjNENTdFRDAwNjg5OUMiLCAiZGV2X2FkZHIiOiAiMjYwQkJERTYifSwgImNvcnJlbGF0aW9uX2lkcyI6IFsiZ3M6dXBsaW5rOjAxSjhENEhNTVhXVlZONDdURVNSWFNLVlNSIl0sICJyZWNlaXZlZF9hdCI6ICIyMDI0LTA5LTIyVDE1OjEwOjMzLjMyNzU2ODMwNVoiLCAidXBsaW5rX21lc3NhZ2UiOiB7ImZfcG9ydCI6IDEsICJmX2NudCI6IDI5NywgImZybV9wYXlsb2FkIjogImZ4NUc5Z1U9IiwgImRlY29kZWRfcGF5bG9hZCI6IHsiaGlzdG9yeSI6IDUsICJwcmVzcyI6IDk4NCwgInJlc2V0cyI6IDEyNywgInNvbGFyIjogMC4zMDExNzY0NzA1ODgyMzUzLCAidGVtcCI6IDM1fSwgInJ4X21ldGFkYXRhIjogW3siZ2F0ZXdheV9pZHMiOiB7ImdhdGV3YXlfaWQiOiAia2VybGluay13aXJuZXQtaW90LTIiLCAiZXVpIjogIjcyNzZGRjAwMEIwMzA5MzYifSwgInRpbWUiOiAiMjAyNC0wOS0yMlQxNToxMDozM1oiLCAidGltZXN0YW1wIjogNzQzMTk4NTIsICJyc3NpIjogLTEyMywgImNoYW5uZWxfcnNzaSI6IC0xMjMsICJzbnIiOiAtMTAuNSwgImxvY2F0aW9uIjogeyJsYXRpdHVkZSI6IDQ5LjIyMDQzMTg1NTU0Mjk0LCAibG9uZ2l0dWRlIjogMTYuNTA5MTQ0MDA4MTU5NjQsICJhbHRpdHVkZSI6IDI0MCwgInNvdXJjZSI6ICJTT1VSQ0VfUkVHSVNUUlkifSwgInVwbGlua190b2tlbiI6ICJDaUlLSUFvVWEyVnliR2x1YXkxM2FYSnVaWFF0YVc5MExUSVNDSEoyL3dBTEF3azJFT3lQdUNNYUN3anA1c0MzQmhEcjVPRTNJT0RqdSs2VTFMVUIiLCAicmVjZWl2ZWRfYXQiOiAiMjAyNC0wOS0yMlQxNToxMDozMy4xMTY5NDU1MTVaIn1dLCAic2V0dGluZ3MiOiB7ImRhdGFfcmF0ZSI6IHsibG9yYSI6IHsiYmFuZHdpZHRoIjogMTI1MDAwLCAic3ByZWFkaW5nX2ZhY3RvciI6IDEyLCAiY29kaW5nX3JhdGUiOiAiNC81In19LCAiZnJlcXVlbmN5IjogIjg2ODEwMDAwMCIsICJ0aW1lc3RhbXAiOiA3NDMxOTg1MiwgInRpbWUiOiAiMjAyNC0wOS0yMlQxNToxMDozM1oifSwgInJlY2VpdmVkX2F0IjogIjIwMjQtMDktMjJUMTU6MTA6MzMuMTE4NDY1OTEwWiIsICJjb25zdW1lZF9haXJ0aW1lIjogIjEuMzE4OTEycyIsICJwYWNrZXRfZXJyb3JfcmF0ZSI6IDAuMzkzOTM5NCwgIm5ldHdvcmtfaWRzIjogeyJuZXRfaWQiOiAiMDAwMDEzIiwgIm5zX2lkIjogIkVDNjU2RTAwMDAwMDAxODEiLCAidGVuYW50X2lkIjogInR0biIsICJjbHVzdGVyX2lkIjogImV1MSIsICJjbHVzdGVyX2FkZHJlc3MiOiAiZXUxLmNsb3VkLnRoZXRoaW5ncy5uZXR3b3JrIn19fQ==;down;
88122DF60F;1727023678;-4.8;-124;0;1;298;0;0;1;1;eyJlbmRfZGV2aWNlX2lkcyI6IHsiZGV2aWNlX2lkIjogImV1aS03MGIzZDU3ZWQwMDY4OTljIiwgImFwcGxpY2F0aW9uX2lkcyI6IHsiYXBwbGljYXRpb25faWQiOiAicHBpY292MS1kZW1vIn0sICJkZXZfZXVpIjogIjcwQjNENTdFRDAwNjg5OUMiLCAiZGV2X2FkZHIiOiAiMjYwQkJERTYifSwgImNvcnJlbGF0aW9uX2lkcyI6IFsiZ3M6dXBsaW5rOjAxSjhEQTQxRFREUkcyMk1YU1hFTlJEUFdQIl0sICJyZWNlaXZlZF9hdCI6ICIyMDI0LTA5LTIyVDE2OjQ3OjU5LjExMzA5MDE0MVoiLCAidXBsaW5rX21lc3NhZ2UiOiB7ImZfcG9ydCI6IDEsICJmX2NudCI6IDI5OCwgImZybV9wYXlsb2FkIjogImlCSXQ5Zzg9IiwgImRlY29kZWRfcGF5bG9hZCI6IHsiaGlzdG9yeSI6IDE1LCAicHJlc3MiOiA5ODQsICJyZXNldHMiOiAxMzYsICJzb2xhciI6IDAuMTgwNzA1ODgyMzUyOTQxMiwgInRlbXAiOiAyMi41fSwgInJ4X21ldGFkYXRhIjogW3siZ2F0ZXdheV9pZHMiOiB7ImdhdGV3YXlfaWQiOiAia2VybGluay13aXJuZXQtaW90LTIiLCAiZXVpIjogIjcyNzZGRjAwMEIwMzA5MzYifSwgInRpbWUiOiAiMjAyNC0wOS0yMlQxNjo0Nzo1OFoiLCAidGltZXN0YW1wIjogMTYyNTE0MTg2OCwgInJzc2kiOiAtMTI0LCAiY2hhbm5lbF9yc3NpIjogLTEyNCwgInNuciI6IC00LjgsICJsb2NhdGlvbiI6IHsibGF0aXR1ZGUiOiA0OS4yMjA0MzE4NTU1NDI5NCwgImxvbmdpdHVkZSI6IDE2LjUwOTE0NDAwODE1OTY0LCAiYWx0aXR1ZGUiOiAyNDAsICJzb3VyY2UiOiAiU09VUkNFX1JFR0lTVFJZIn0sICJ1cGxpbmtfdG9rZW4iOiAiQ2lJS0lBb1VhMlZ5YkdsdWF5MTNhWEp1WlhRdGFXOTBMVElTQ0hKMi93QUxBd2syRU96azlvWUdHZ3dJdnBUQnR3WVFnUHpmcndNZzRPdURrS2IrdGdFPSIsICJyZWNlaXZlZF9hdCI6ICIyMDI0LTA5LTIyVDE2OjQ3OjU4LjkwNTQ0NDg2NFoifV0sICJzZXR0aW5ncyI6IHsiZGF0YV9yYXRlIjogeyJsb3JhIjogeyJiYW5kd2lkdGgiOiAxMjUwMDAsICJzcHJlYWRpbmdfZmFjdG9yIjogMTIsICJjb2RpbmdfcmF0ZSI6ICI0LzUifX0sICJmcmVxdWVuY3kiOiAiODY4MTAwMDAwIiwgInRpbWVzdGFtcCI6IDE2MjUxNDE4NjgsICJ0aW1lIjogIjIwMjQtMDktMjJUMTY6NDc6NThaIn0sICJyZWNlaXZlZF9hdCI6ICIyMDI0LTA5LTIyVDE2OjQ3OjU4LjkwODQ2OTg3NFoiLCAiY29uc3VtZWRfYWlydGltZSI6ICIxLjMxODkxMnMiLCAicGFja2V0X2Vycm9yX3JhdGUiOiAwLjMzMzMzMzM0LCAibmV0d29ya19pZHMiOiB7Im5ldF9pZCI6ICIwMDAwMTMiLCAibnNfaWQiOiAiRUM2NTZFMDAwMDAwMDE4MSIsICJ0ZW5hbnRfaWQiOiAidHRuIiwgImNsdXN0ZXJfaWQiOiAiZXUxIiwgImNsdXN0ZXJfYWRkcmVzcyI6ICJldTEuY2xvdWQudGhldGhpbmdzLm5ldHdvcmsifX19;down;
88122DF610;1727023770;-5.2;-124;0;1;299;0;0;1;1;eyJlbmRfZGV2aWNlX2lkcyI6IHsiZGV2aWNlX2lkIjogImV1aS03MGIzZDU3ZWQwMDY4OTljIiwgImFwcGxpY2F0aW9uX2lkcyI6IHsiYXBwbGljYXRpb25faWQiOiAicHBpY292MS1kZW1vIn0sICJkZXZfZXVpIjogIjcwQjNENTdFRDAwNjg5OUMiLCAiZGV2X2FkZHIiOiAiMjYwQkJERTYifSwgImNvcnJlbGF0aW9uX2lkcyI6IFsiZ3M6dXBsaW5rOjAxSjhEQTZUQ0dURTVTSjdRSks5Q1BNTTVCIl0sICJyZWNlaXZlZF9hdCI6ICIyMDI0LTA5LTIyVDE2OjQ5OjMwLjIwNTk4OTczMVoiLCAidXBsaW5rX21lc3NhZ2UiOiB7ImZfcG9ydCI6IDEsICJmX2NudCI6IDI5OSwgImZybV9wYXlsb2FkIjogImlCSXQ5aEE9IiwgImRlY29kZWRfcGF5bG9hZCI6IHsiaGlzdG9yeSI6IDE2LCAicHJlc3MiOiA5ODQsICJyZXNldHMiOiAxMzYsICJzb2xhciI6IDAuMTgwNzA1ODgyMzUyOTQxMiwgInRlbXAiOiAyMi41fSwgInJ4X21ldGFkYXRhIjogW3siZ2F0ZXdheV9pZHMiOiB7ImdhdGV3YXlfaWQiOiAia2VybGluay13aXJuZXQtaW90LTIiLCAiZXVpIjogIjcyNzZGRjAwMEIwMzA5MzYifSwgInRpbWUiOiAiMjAyNC0wOS0yMlQxNjo0OToyOVoiLCAidGltZXN0YW1wIjogMTcxNjIzODY4NCwgInJzc2kiOiAtMTI0LCAiY2hhbm5lbF9yc3NpIjogLTEyNCwgInNuciI6IC01LjIsICJsb2NhdGlvbiI6IHsibGF0aXR1ZGUiOiA0OS4yMjA0MzE4NTU1NDI5NCwgImxvbmdpdHVkZSI6IDE2LjUwOTE0NDAwODE1OTY0LCAiYWx0aXR1ZGUiOiAyNDAsICJzb3VyY2UiOiAiU09VUkNFX1JFR0lTVFJZIn0sICJ1cGxpbmtfdG9rZW4iOiAiQ2lJS0lBb1VhMlZ5YkdsdWF5MTNhWEp1WlhRdGFXOTBMVElTQ0hKMi93QUxBd2syRU56eXJySUdHZ3dJbVpYQnR3WVEyTFhPM0FNZzRKNnd2dm1BdHdFPSIsICJyZWNlaXZlZF9hdCI6ICIyMDI0LTA5LTIyVDE2OjQ5OjI5Ljk5OTUyOTE3NloifV0sICJzZXR0aW5ncyI6IHsiZGF0YV9yYXRlIjogeyJsb3JhIjogeyJiYW5kd2lkdGgiOiAxMjUwMDAsICJzcHJlYWRpbmdfZmFjdG9yIjogMTIsICJjb2RpbmdfcmF0ZSI6ICI0LzUifX0sICJmcmVxdWVuY3kiOiAiODY4MTAwMDAwIiwgInRpbWVzdGFtcCI6IDE3MTYyMzg2ODQsICJ0aW1lIjogIjIwMjQtMDktMjJUMTY6NDk6MjlaIn0sICJyZWNlaXZlZF9hdCI6ICIyMDI0LTA5LTIyVDE2OjQ5OjMwLjAwMDkyMTM3N1oiLCAiY29uc3VtZWRfYWlydGltZSI6ICIxLjMxODkxMnMiLCAicGFja2V0X2Vycm9yX3JhdGUiOiAwLjMxMDM0NDgyLCAibmV0d29ya19pZHMiOiB7Im5ldF9pZCI6ICIwMDAwMTMiLCAibnNfaWQiOiAiRUM2NTZFMDAwMDAwMDE4MSIsICJ0ZW5hbnRfaWQiOiAidHRuIiwgImNsdXN0ZXJfaWQiOiAiZXUxIiwgImNsdXN0ZXJfYWRkcmVzcyI6ICJldTEuY2xvdWQudGhldGhpbmdzLm5ldHdvcmsifX19;down;
88112DF611;1727023861;-7.2;-124;0;1;300;0;0;1;1;eyJlbmRfZGV2aWNlX2lkcyI6IHsiZGV2aWNlX2lkIjogImV1aS03MGIzZDU3ZWQwMDY4OTljIiwgImFwcGxpY2F0aW9uX2lkcyI6IHsiYXBwbGljYXRpb25faWQiOiAicHBpY292MS1kZW1vIn0sICJkZXZfZXVpIjogIjcwQjNENTdFRDAwNjg5OUMiLCAiZGV2X2FkZHIiOiAiMjYwQkJERTYifSwgImNvcnJlbGF0aW9uX2lkcyI6IFsiZ3M6dXBsaW5rOjAxSjhEQTlLQ0U1M0tRRVk5RTlNTUMxRjNIIl0sICJyZWNlaXZlZF9hdCI6ICIyMDI0LTA5LTIyVDE2OjUxOjAxLjM0NDI4NzQxMloiLCAidXBsaW5rX21lc3NhZ2UiOiB7ImZfcG9ydCI6IDEsICJmX2NudCI6IDMwMCwgImZybV9wYXlsb2FkIjogImlCRXQ5aEU9IiwgImRlY29kZWRfcGF5bG9hZCI6IHsiaGlzdG9yeSI6IDE3LCAicHJlc3MiOiA5ODQsICJyZXNldHMiOiAxMzYsICJzb2xhciI6IDAuMTcwNjY2NjY2NjY2NjY2NjYsICJ0ZW1wIjogMjIuNX0sICJyeF9tZXRhZGF0YSI6IFt7ImdhdGV3YXlfaWRzIjogeyJnYXRld2F5X2lkIjogImtlcmxpbmstd2lybmV0LWlvdC0yIiwgImV1aSI6ICI3Mjc2RkYwMDBCMDMwOTM2In0sICJ0aW1lIjogIjIwMjQtMDktMjJUMTY6NTE6MDFaIiwgInRpbWVzdGFtcCI6IDE4MDczMzE5NDAsICJyc3NpIjogLTEyNCwgImNoYW5uZWxfcnNzaSI6IC0xMjQsICJzbnIiOiAtNy4yLCAibG9jYXRpb24iOiB7ImxhdGl0dWRlIjogNDkuMjIwNDMxODU1NTQyOTQsICJsb25naXR1ZGUiOiAxNi41MDkxNDQwMDgxNTk2NCwgImFsdGl0dWRlIjogMjQwLCAic291cmNlIjogIlNPVVJDRV9SRUdJU1RSWSJ9LCAidXBsaW5rX3Rva2VuIjogIkNpSUtJQW9VYTJWeWJHbHVheTEzYVhKdVpYUXRhVzkwTFRJU0NISjIvd0FMQXdrMkVPVGs1dDBHR2dzSTlaWEJ0d1lRdnBUalB5Q2dyWVByeklPM0FRPT0iLCAicmVjZWl2ZWRfYXQiOiAiMjAyNC0wOS0yMlQxNjo1MTowMS4xMzM3NDUyMTRaIn1dLCAic2V0dGluZ3MiOiB7ImRhdGFfcmF0ZSI6IHsibG9yYSI6IHsiYmFuZHdpZHRoIjogMTI1MDAwLCAic3ByZWFkaW5nX2ZhY3RvciI6IDEyLCAiY29kaW5nX3JhdGUiOiAiNC81In19LCAiZnJlcXVlbmN5IjogIjg2ODEwMDAwMCIsICJ0aW1lc3RhbXAiOiAxODA3MzMxOTQwLCAidGltZSI6ICIyMDI0LTA5LTIyVDE2OjUxOjAxWiJ9LCAicmVjZWl2ZWRfYXQiOiAiMjAyNC0wOS0yMlQxNjo1MTowMS4xMzU2OTY0MjRaIiwgImNvbnN1bWVkX2FpcnRpbWUiOiAiMS4zMTg5MTJzIiwgInBhY2tldF9lcnJvcl9yYXRlIjogMC4zMTAzNDQ4MiwgIm5ldHdvcmtfaWRzIjogeyJuZXRfaWQiOiAiMDAwMDEzIiwgIm5zX2lkIjogIkVDNjU2RTAwMDAwMDAxODEiLCAidGVuYW50X2lkIjogInR0biIsICJjbHVzdGVyX2lkIjogImV1MSIsICJjbHVzdGVyX2FkZHJlc3MiOiAiZXUxLmNsb3VkLnRoZXRoaW5ncy5uZXR3b3JrIn19fQ==;down;
88102DF612;1727023952;-5.5;-124;-6943.93;1;301;0;0;0;2;eyJlbmRfZGV2aWNlX2lkcyI6IHsiZGV2aWNlX2lkIjogImV1aS03MGIzZDU3ZWQwMDY4OTljIiwgImFwcGxpY2F0aW9uX2lkcyI6IHsiYXBwbGljYXRpb25faWQiOiAicHBpY292MS1kZW1vIn0sICJkZXZfZXVpIjogIjcwQjNENTdFRDAwNjg5OUMiLCAiZGV2X2FkZHIiOiAiMjYwQkJERTYifSwgImNvcnJlbGF0aW9uX2lkcyI6IFsiZ3M6dXBsaW5rOjAxSjhEQUNDOVcwREZHWU5TTlQzR1NDMjQzIl0sICJyZWNlaXZlZF9hdCI6ICIyMDI0LTA5LTIyVDE2OjUyOjMyLjM5NTAyNzgxNloiLCAidXBsaW5rX21lc3NhZ2UiOiB7ImZfcG9ydCI6IDEsICJmX2NudCI6IDMwMSwgImZybV9wYXlsb2FkIjogImlCQXQ5aEk9IiwgImRlY29kZWRfcGF5bG9hZCI6IHsiaGlzdG9yeSI6IDE4LCAicHJlc3MiOiA5ODQsICJyZXNldHMiOiAxMzYsICJzb2xhciI6IDAuMTYwNjI3NDUwOTgwMzkyMTYsICJ0ZW1wIjogMjIuNX0sICJyeF9tZXRhZGF0YSI6IFt7ImdhdGV3YXlfaWRzIjogeyJnYXRld2F5X2lkIjogImtlcmxpbmstd2lybmV0LWlvdC0yIiwgImV1aSI6ICI3Mjc2RkYwMDBCMDMwOTM2In0sICJ0aW1lIjogIjIwMjQtMDktMjJUMTY6NTI6MzJaIiwgInRpbWVzdGFtcCI6IDE4OTg0Mjc2MjgsICJyc3NpIjogLTEyNCwgImNoYW5uZWxfcnNzaSI6IC0xMjQsICJzbnIiOiAtNS41LCAibG9jYXRpb24iOiB7ImxhdGl0dWRlIjogNDkuMjIwNDMxODU1NTQyOTQsICJsb25naXR1ZGUiOiAxNi41MDkxNDQwMDgxNTk2NCwgImFsdGl0dWRlIjogMjQwLCAic291cmNlIjogIlNPVVJDRV9SRUdJU1RSWSJ9LCAidXBsaW5rX3Rva2VuIjogIkNpSUtJQW9VYTJWeWJHbHVheTEzYVhKdVpYUXRhVzkwTFRJU0NISjIvd0FMQXdrMkVPenBub2tIR2dzSTBKYkJ0d1lRbE83R1dTRGc4K3FZb0lhM0FRPT0iLCAicmVjZWl2ZWRfYXQiOiAiMjAyNC0wOS0yMlQxNjo1MjozMi4xODc4MDc1MDhaIn1dLCAic2V0dGluZ3MiOiB7ImRhdGFfcmF0ZSI6IHsibG9yYSI6IHsiYmFuZHdpZHRoIjogMTI1MDAwLCAic3ByZWFkaW5nX2ZhY3RvciI6IDEyLCAiY29kaW5nX3JhdGUiOiAiNC81In19LCAiZnJlcXVlbmN5IjogIjg2ODEwMDAwMCIsICJ0aW1lc3RhbXAiOiAxODk4NDI3NjI4LCAidGltZSI6ICIyMDI0LTA5LTIyVDE2OjUyOjMyWiJ9LCAicmVjZWl2ZWRfYXQiOiAiMjAyNC0wOS0yMlQxNjo1MjozMi4xODkzODIwNTNaIiwgImNvbnN1bWVkX2FpcnRpbWUiOiAiMS4zMTg5MTJzIiwgInBhY2tldF9lcnJvcl9yYXRlIjogMC4zMTAzNDQ4MiwgIm5ldHdvcmtfaWRzIjogeyJuZXRfaWQiOiAiMDAwMDEzIiwgIm5zX2lkIjogIkVDNjU2RTAwMDAwMDAxODEiLCAidGVuYW50X2lkIjogInR0biIsICJjbHVzdGVyX2lkIjogImV1MSIsICJjbHVzdGVyX2FkZHJlc3MiOiAiZXUxLmNsb3VkLnRoZXRoaW5ncy5uZXR3b3JrIn19fQ==;down;
880F2DF613;1727024043;-8.2;-122;-7008.94;1;302;0;0;0;2;eyJlbmRfZGV2aWNlX2lkcyI6IHsiZGV2aWNlX2lkIjogImV1aS03MGIzZDU3ZWQwMDY4OTljIiwgImFwcGxpY2F0aW9uX2lkcyI6IHsiYXBwbGljYXRpb25faWQiOiAicHBpY292MS1kZW1vIn0sICJkZXZfZXVpIjogIjcwQjNENTdFRDAwNjg5OUMiLCAiZGV2X2FkZHIiOiAiMjYwQkJERTYifSwgImNvcnJlbGF0aW9uX2lkcyI6IFsiZ3M6dXBsaW5rOjAxSjhEQUY1OEY2RDAzU04wMkVLS1JaNjZOIl0sICJyZWNlaXZlZF9hdCI6ICIyMDI0LTA5LTIyVDE2OjU0OjAzLjQ4NjkxMTUxMFoiLCAidXBsaW5rX21lc3NhZ2UiOiB7ImZfcG9ydCI6IDEsICJmX2NudCI6IDMwMiwgImZybV9wYXlsb2FkIjogImlBOHQ5aE09IiwgImRlY29kZWRfcGF5bG9hZCI6IHsiaGlzdG9yeSI6IDE5LCAicHJlc3MiOiA5ODQsICJyZXNldHMiOiAxMzYsICJzb2xhciI6IDAuMTUwNTg4MjM1Mjk0MTE3NjYsICJ0ZW1wIjogMjIuNX0sICJyeF9tZXRhZGF0YSI6IFt7ImdhdGV3YXlfaWRzIjogeyJnYXRld2F5X2lkIjogImtlcmxpbmstd2lybmV0LWlvdC0yIiwgImV1aSI6ICI3Mjc2RkYwMDBCMDMwOTM2In0sICJ0aW1lIjogIjIwMjQtMDktMjJUMTY6NTQ6MDNaIiwgInRpbWVzdGFtcCI6IDE5ODk1MjA1MDAsICJyc3NpIjogLTEyMiwgImNoYW5uZWxfcnNzaSI6IC0xMjIsICJzbnIiOiAtOC4yLCAibG9jYXRpb24iOiB7ImxhdGl0dWRlIjogNDkuMjIwNDMxODU1NTQyOTQsICJsb25naXR1ZGUiOiAxNi41MDkxNDQwMDgxNTk2NCwgImFsdGl0dWRlIjogMjQwLCAic291cmNlIjogIlNPVVJDRV9SRUdJU1RSWSJ9LCAidXBsaW5rX3Rva2VuIjogIkNpSUtJQW9VYTJWeWJHbHVheTEzYVhKdVpYUXRhVzkwTFRJU0NISjIvd0FMQXdrMkVQVFkxclFIR2d3SXE1ZkJ0d1lRb2QvZWhBRWdvTXFteGZPSXR3RT0iLCAicmVjZWl2ZWRfYXQiOiAiMjAyNC0wOS0yMlQxNjo1NDowMy4yNzgzNzYzNTNaIn1dLCAic2V0dGluZ3MiOiB7ImRhdGFfcmF0ZSI6IHsibG9yYSI6IHsiYmFuZHdpZHRoIjogMTI1MDAwLCAic3ByZWFkaW5nX2ZhY3RvciI6IDEyLCAiY29kaW5nX3JhdGUiOiAiNC81In19LCAiZnJlcXVlbmN5IjogIjg2ODEwMDAwMCIsICJ0aW1lc3RhbXAiOiAxOTg5NTIwNTAwLCAidGltZSI6ICIyMDI0LTA5LTIyVDE2OjU0OjAzWiJ9LCAicmVjZWl2ZWRfYXQiOiAiMjAyNC0wOS0yMlQxNjo1NDowMy4yODAwODQ3NjVaIiwgImNvbnN1bWVkX2FpcnRpbWUiOiAiMS4zMTg5MTJzIiwgInBhY2tldF9lcnJvcl9yYXRlIjogMC4zMTAzNDQ4MiwgIm5ldHdvcmtfaWRzIjogeyJuZXRfaWQiOiAiMDAwMDEzIiwgIm5zX2lkIjogIkVDNjU2RTAwMDAwMDAxODEiLCAidGVuYW50X2lkIjogInR0biIsICJjbHVzdGVyX2lkIjogImV1MSIsICJjbHVzdGVyX2FkZHJlc3MiOiAiZXUxLmNsb3VkLnRoZXRoaW5ncy5uZXR3b3JrIn19fQ==;down;
1727024135;880E2DF614;9.00;-7057.18;-48.00;1;303;0;0;0;1;;down;
880C2DF615;1727024225;-7.2;-124;-7092.83;1;304;0;0;0;2;eyJlbmRfZGV2aWNlX2lkcyI6IHsiZGV2aWNlX2lkIjogImV1aS03MGIzZDU3ZWQwMDY4OTljIiwgImFwcGxpY2F0aW9uX2lkcyI6IHsiYXBwbGljYXRpb25faWQiOiAicHBpY292MS1kZW1vIn0sICJkZXZfZXVpIjogIjcwQjNENTdFRDAwNjg5OUMiLCAiZGV2X2FkZHIiOiAiMjYwQkJERTYifSwgImNvcnJlbGF0aW9uX2lkcyI6IFsiZ3M6dXBsaW5rOjAxSjhEQU1RNjM3RTFNQzM5SlNDMzA5U01EIl0sICJyZWNlaXZlZF9hdCI6ICIyMDI0LTA5LTIyVDE2OjU3OjA1LjY4MjMzMjI5OVoiLCAidXBsaW5rX21lc3NhZ2UiOiB7ImZfcG9ydCI6IDEsICJmX2NudCI6IDMwNCwgImZybV9wYXlsb2FkIjogImlBd3Q5aFU9IiwgImRlY29kZWRfcGF5bG9hZCI6IHsiaGlzdG9yeSI6IDIxLCAicHJlc3MiOiA5ODQsICJyZXNldHMiOiAxMzYsICJzb2xhciI6IDAuMTIwNDcwNTg4MjM1Mjk0MTIsICJ0ZW1wIjogMjIuNX0sICJyeF9tZXRhZGF0YSI6IFt7ImdhdGV3YXlfaWRzIjogeyJnYXRld2F5X2lkIjogImtlcmxpbmstd2lybmV0LWlvdC0yIiwgImV1aSI6ICI3Mjc2RkYwMDBCMDMwOTM2In0sICJ0aW1lIjogIjIwMjQtMDktMjJUMTY6NTc6MDVaIiwgInRpbWVzdGFtcCI6IDIxNzE3MTc1MzIsICJyc3NpIjogLTEyNCwgImNoYW5uZWxfcnNzaSI6IC0xMjQsICJzbnIiOiAtNy4yLCAibG9jYXRpb24iOiB7ImxhdGl0dWRlIjogNDkuMjIwNDMxODU1NTQyOTQsICJsb25naXR1ZGUiOiAxNi41MDkxNDQwMDgxNTk2NCwgImFsdGl0dWRlIjogMjQwLCAic291cmNlIjogIlNPVVJDRV9SRUdJU1RSWSJ9LCAidXBsaW5rX3Rva2VuIjogIkNpSUtJQW9VYTJWeWJHbHVheTEzYVhKdVpYUXRhVzkwTFRJU0NISjIvd0FMQXdrMkVKeVB4NHNJR2d3STRaakJ0d1lRM2VhQzRnRWc0UExPbzVxT3R3RT0iLCAicmVjZWl2ZWRfYXQiOiAiMjAyNC0wOS0yMlQxNjo1NzowNS40NzQwMDIyNjlaIn1dLCAic2V0dGluZ3MiOiB7ImRhdGFfcmF0ZSI6IHsibG9yYSI6IHsiYmFuZHdpZHRoIjogMTI1MDAwLCAic3ByZWFkaW5nX2ZhY3RvciI6IDEyLCAiY29kaW5nX3JhdGUiOiAiNC81In19LCAiZnJlcXVlbmN5IjogIjg2ODEwMDAwMCIsICJ0aW1lc3RhbXAiOiAyMTcxNzE3NTMyLCAidGltZSI6ICIyMDI0LTA5LTIyVDE2OjU3OjA1WiJ9LCAicmVjZWl2ZWRfYXQiOiAiMjAyNC0wOS0yMlQxNjo1NzowNS40NzcwODA2MjhaIiwgImNvbnN1bWVkX2FpcnRpbWUiOiAiMS4zMTg5MTJzIiwgInBhY2tldF9lcnJvcl9yYXRlIjogMC4zMzMzMzMzNCwgIm5ldHdvcmtfaWRzIjogeyJuZXRfaWQiOiAiMDAwMDEzIiwgIm5zX2lkIjogIkVDNjU2RTAwMDAwMDAxODEiLCAidGVuYW50X2lkIjogInR0biIsICJjbHVzdGVyX2lkIjogImV1MSIsICJjbHVzdGVyX2FkZHJlc3MiOiAiZXUxLmNsb3VkLnRoZXRoaW5ncy5uZXR3b3JrIn19fQ==;down;
1727024316;880B2CF616;9.75;-7120.09;-48.00;1;305;0;0;0;1;;down;
880B2CF617;1727024407;-8.2;-116;-7140.02;1;306;0;0;0;2;eyJlbmRfZGV2aWNlX2lkcyI6IHsiZGV2aWNlX2lkIjogImV1aS03MGIzZDU3ZWQwMDY4OTljIiwgImFwcGxpY2F0aW9uX2lkcyI6IHsiYXBwbGljYXRpb25faWQiOiAicHBpY292MS1kZW1vIn0sICJkZXZfZXVpIjogIjcwQjNENTdFRDAwNjg5OUMiLCAiZGV2X2FkZHIiOiAiMjYwQkJERTYifSwgImNvcnJlbGF0aW9uX2lkcyI6IFsiZ3M6dXBsaW5rOjAxSjhEQVQ5M0Q1WjlZOEFOWTBEWlczWUQ1Il0sICJyZWNlaXZlZF9hdCI6ICIyMDI0LTA5LTIyVDE3OjAwOjA3Ljg3MjI2NjM4NloiLCAidXBsaW5rX21lc3NhZ2UiOiB7ImZfcG9ydCI6IDEsICJmX2NudCI6IDMwNiwgImZybV9wYXlsb2FkIjogImlBc3M5aGM9IiwgImRlY29kZWRfcGF5bG9hZCI6IHsiaGlzdG9yeSI6IDIzLCAicHJlc3MiOiA5ODQsICJyZXNldHMiOiAxMzYsICJzb2xhciI6IDAuMTEwNDMxMzcyNTQ5MDE5NjEsICJ0ZW1wIjogMjJ9LCAicnhfbWV0YWRhdGEiOiBbeyJnYXRld2F5X2lkcyI6IHsiZ2F0ZXdheV9pZCI6ICJrZXJsaW5rLXdpcm5ldC1pb3QtMiIsICJldWkiOiAiNzI3NkZGMDAwQjAzMDkzNiJ9LCAidGltZSI6ICIyMDI0LTA5LTIyVDE3OjAwOjA3WiIsICJ0aW1lc3RhbXAiOiAyMzUzODk0OTA4LCAicnNzaSI6IC0xMTYsICJjaGFubmVsX3Jzc2kiOiAtMTE2LCAic25yIjogLTguMiwgImxvY2F0aW9uIjogeyJsYXRpdHVkZSI6IDQ5LjIyMDQzMTg1NTU0Mjk0LCAibG9uZ2l0dWRlIjogMTYuNTA5MTQ0MDA4MTU5NjQsICJhbHRpdHVkZSI6IDI0MCwgInNvdXJjZSI6ICJTT1VSQ0VfUkVHSVNUUlkifSwgInVwbGlua190b2tlbiI6ICJDaUlLSUFvVWEyVnliR2x1YXkxM2FYSnVaWFF0YVc5MExUSVNDSEoyL3dBTEF3azJFUHlydHVJSUdnd0lsNXJCdHdZUW9wYWp1d0lnNE1ESCtNQ1R0d0U9IiwgInJlY2VpdmVkX2F0IjogIjIwMjQtMDktMjJUMTc6MDA6MDcuNjYxMTc5MTcwWiJ9XSwgInNldHRpbmdzIjogeyJkYXRhX3JhdGUiOiB7ImxvcmEiOiB7ImJhbmR3aWR0aCI6IDEyNTAwMCwgInNwcmVhZGluZ19mYWN0b3IiOiAxMiwgImNvZGluZ19yYXRlIjogIjQvNSJ9fSwgImZyZXF1ZW5jeSI6ICI4NjgxMDAwMDAiLCAidGltZXN0YW1wIjogMjM1Mzg5NDkwOCwgInRpbWUiOiAiMjAyNC0wOS0yMlQxNzowMDowN1oifSwgInJlY2VpdmVkX2F0IjogIjIwMjQtMDktMjJUMTc6MDA6MDcuNjYzOTAxOTAwWiIsICJjb25zdW1lZF9haXJ0aW1lIjogIjEuMzE4OTEycyIsICJwYWNrZXRfZXJyb3JfcmF0ZSI6IDAuMzU0ODM4NywgIm5ldHdvcmtfaWRzIjogeyJuZXRfaWQiOiAiMDAwMDEzIiwgIm5zX2lkIjogIkVDNjU2RTAwMDAwMDAxODEiLCAidGVuYW50X2lkIjogInR0biIsICJjbHVzdGVyX2lkIjogImV1MSIsICJjbHVzdGVyX2FkZHJlc3MiOiAiZXUxLmNsb3VkLnRoZXRoaW5ncy5uZXR3b3JrIn19fQ==;down;
88092CF618;1727024498;-4.8;-122;-7153.12;1;307;0;0;0;2;eyJlbmRfZGV2aWNlX2lkcyI6IHsiZGV2aWNlX2lkIjogImV1aS03MGIzZDU3ZWQwMDY4OTljIiwgImFwcGxpY2F0aW9uX2lkcyI6IHsiYXBwbGljYXRpb25faWQiOiAicHBpY292MS1kZW1vIn0sICJkZXZfZXVpIjogIjcwQjNENTdFRDAwNjg5OUMiLCAiZGV2X2FkZHIiOiAiMjYwQkJERTYifSwgImNvcnJlbGF0aW9uX2lkcyI6IFsiZ3M6dXBsaW5rOjAxSjhEQVgyMjhYUEoyUlRFRFRNMDVIWVRNIl0sICJyZWNlaXZlZF9hdCI6ICIyMDI0LTA5LTIyVDE3OjAxOjM4Ljk2ODkyMzk3NVoiLCAidXBsaW5rX21lc3NhZ2UiOiB7ImZfcG9ydCI6IDEsICJmX2NudCI6IDMwNywgImZybV9wYXlsb2FkIjogImlBa3M5aGc9IiwgImRlY29kZWRfcGF5bG9hZCI6IHsiaGlzdG9yeSI6IDI0LCAicHJlc3MiOiA5ODQsICJyZXNldHMiOiAxMzYsICJzb2xhciI6IDAuMDkwMzUyOTQxMTc2NDcwNiwgInRlbXAiOiAyMn0sICJyeF9tZXRhZGF0YSI6IFt7ImdhdGV3YXlfaWRzIjogeyJnYXRld2F5X2lkIjogImtlcmxpbmstd2lybmV0LWlvdC0yIiwgImV1aSI6ICI3Mjc2RkYwMDBCMDMwOTM2In0sICJ0aW1lIjogIjIwMjQtMDktMjJUMTc6MDE6MzhaIiwgInRpbWVzdGFtcCI6IDI0NDQ5OTA5NDAsICJyc3NpIjogLTEyMiwgImNoYW5uZWxfcnNzaSI6IC0xMjIsICJzbnIiOiAtNC44LCAibG9jYXRpb24iOiB7ImxhdGl0dWRlIjogNDkuMjIwNDMxODU1NTQyOTQsICJsb25naXR1ZGUiOiAxNi41MDkxNDQwMDgxNTk2NCwgImFsdGl0dWRlIjogMjQwLCAic291cmNlIjogIlNPVVJDRV9SRUdJU1RSWSJ9LCAidXBsaW5rX3Rva2VuIjogIkNpSUtJQW9VYTJWeWJHbHVheTEzYVhKdVpYUXRhVzkwTFRJU0NISjIvd0FMQXdrMkVOeXo3bzBKR2d3SThwckJ0d1lRMnNXbDZnSWc0SWJFcHBTV3R3RT0iLCAicmVjZWl2ZWRfYXQiOiAiMjAyNC0wOS0yMlQxNzowMTozOC43NTk3ODQxNTRaIn1dLCAic2V0dGluZ3MiOiB7ImRhdGFfcmF0ZSI6IHsibG9yYSI6IHsiYmFuZHdpZHRoIjogMTI1MDAwLCAic3ByZWFkaW5nX2ZhY3RvciI6IDEyLCAiY29kaW5nX3JhdGUiOiAiNC81In19LCAiZnJlcXVlbmN5IjogIjg2ODEwMDAwMCIsICJ0aW1lc3RhbXAiOiAyNDQ0OTkwOTQwLCAidGltZSI6ICIyMDI0LTA5LTIyVDE3OjAxOjM4WiJ9LCAicmVjZWl2ZWRfYXQiOiAiMjAyNC0wOS0yMlQxNzowMTozOC43NjA4OTM3OTJaIiwgImNvbnN1bWVkX2FpcnRpbWUiOiAiMS4zMTg5MTJzIiwgInBhY2tldF9lcnJvcl9yYXRlIjogMC4zNTQ4Mzg3LCAibmV0d29ya19pZHMiOiB7Im5ldF9pZCI6ICIwMDAwMTMiLCAibnNfaWQiOiAiRUM2NTZFMDAwMDAwMDE4MSIsICJ0ZW5hbnRfaWQiOiAidHRuIiwgImNsdXN0ZXJfaWQiOiAiZXUxIiwgImNsdXN0ZXJfYWRkcmVzcyI6ICJldTEuY2xvdWQudGhldGhpbmdzLm5ldHdvcmsifX19;down;
88082CF619;1727024589;-5.2;-114;-7161.51;1;308;0;0;0;2;eyJlbmRfZGV2aWNlX2lkcyI6IHsiZGV2aWNlX2lkIjogImV1aS03MGIzZDU3ZWQwMDY4OTljIiwgImFwcGxpY2F0aW9uX2lkcyI6IHsiYXBwbGljYXRpb25faWQiOiAicHBpY292MS1kZW1vIn0sICJkZXZfZXVpIjogIjcwQjNENTdFRDAwNjg5OUMiLCAiZGV2X2FkZHIiOiAiMjYwQkJERTYifSwgImNvcnJlbGF0aW9uX2lkcyI6IFsiZ3M6dXBsaW5rOjAxSjhEQVpWMEg3UTc3R0IwUTFWVlNBM0JFIl0sICJyZWNlaXZlZF9hdCI6ICIyMDI0LTA5LTIyVDE3OjAzOjEwLjA0OTIyNDUzOVoiLCAidXBsaW5rX21lc3NhZ2UiOiB7ImZfcG9ydCI6IDEsICJmX2NudCI6IDMwOCwgImZybV9wYXlsb2FkIjogImlBZ3M5aGs9IiwgImRlY29kZWRfcGF5bG9hZCI6IHsiaGlzdG9yeSI6IDI1LCAicHJlc3MiOiA5ODQsICJyZXNldHMiOiAxMzYsICJzb2xhciI6IDAuMDgwMzEzNzI1NDkwMTk2MDgsICJ0ZW1wIjogMjJ9LCAicnhfbWV0YWRhdGEiOiBbeyJnYXRld2F5X2lkcyI6IHsiZ2F0ZXdheV9pZCI6ICJrZXJsaW5rLXdpcm5ldC1pb3QtMiIsICJldWkiOiAiNzI3NkZGMDAwQjAzMDkzNiJ9LCAidGltZSI6ICIyMDI0LTA5LTIyVDE3OjAzOjA5WiIsICJ0aW1lc3RhbXAiOiAyNTM2MDczMDI4LCAicnNzaSI6IC0xMTQsICJjaGFubmVsX3Jzc2kiOiAtMTE0LCAic25yIjogLTUuMiwgImxvY2F0aW9uIjogeyJsYXRpdHVkZSI6IDQ5LjIyMDQzMTg1NTU0Mjk0LCAibG9uZ2l0dWRlIjogMTYuNTA5MTQ0MDA4MTU5NjQsICJhbHRpdHVkZSI6IDI0MCwgInNvdXJjZSI6ICJTT1VSQ0VfUkVHSVNUUlkifSwgInVwbGlua190b2tlbiI6ICJDaUlLSUFvVWEyVnliR2x1YXkxM2FYSnVaWFF0YVc5MExUSVNDSEoyL3dBTEF3azJFTVRPcGJrSkdnd0l6WnZCdHdZUXNjNlZrUU1nb01QdHplZVl0d0U9IiwgInJlY2VpdmVkX2F0IjogIjIwMjQtMDktMjJUMTc6MDM6MDkuODQxMzEyMDQ5WiJ9XSwgInNldHRpbmdzIjogeyJkYXRhX3JhdGUiOiB7ImxvcmEiOiB7ImJhbmR3aWR0aCI6IDEyNTAwMCwgInNwcmVhZGluZ19mYWN0b3IiOiAxMiwgImNvZGluZ19yYXRlIjogIjQvNSJ9fSwgImZyZXF1ZW5jeSI6ICI4NjgxMDAwMDAiLCAidGltZXN0YW1wIjogMjUzNjA3MzAyOCwgInRpbWUiOiAiMjAyNC0wOS0yMlQxNzowMzowOVoifSwgInJlY2VpdmVkX2F0IjogIjIwMjQtMDktMjJUMTc6MDM6MDkuODQyNjQwMjgxWiIsICJjb25zdW1lZF9haXJ0aW1lIjogIjEuMzE4OTEycyIsICJwYWNrZXRfZXJyb3JfcmF0ZSI6IDAuMzU0ODM4NywgIm5ldHdvcmtfaWRzIjogeyJuZXRfaWQiOiAiMDAwMDEzIiwgIm5zX2lkIjogIkVDNjU2RTAwMDAwMDAxODEiLCAidGVuYW50X2lkIjogInR0biIsICJjbHVzdGVyX2lkIjogImV1MSIsICJjbHVzdGVyX2FkZHJlc3MiOiAiZXUxLmNsb3VkLnRoZXRoaW5ncy5uZXR3b3JrIn19fQ==;down;
88082CF61A;1727024680;-4.2;-111;-7171.47;1;309;0;0;0;2;eyJlbmRfZGV2aWNlX2lkcyI6IHsiZGV2aWNlX2lkIjogImV1aS03MGIzZDU3ZWQwMDY4OTljIiwgImFwcGxpY2F0aW9uX2lkcyI6IHsiYXBwbGljYXRpb25faWQiOiAicHBpY292MS1kZW1vIn0sICJkZXZfZXVpIjogIjcwQjNENTdFRDAwNjg5OUMiLCAiZGV2X2FkZHIiOiAiMjYwQkJERTYifSwgImNvcnJlbGF0aW9uX2lkcyI6IFsiZ3M6dXBsaW5rOjAxSjhEQjJLWUFIV004UUZCM1M3UFROOEZLIl0sICJyZWNlaXZlZF9hdCI6ICIyMDI0LTA5LTIyVDE3OjA0OjQxLjExMjE5NzAyNloiLCAidXBsaW5rX21lc3NhZ2UiOiB7ImZfcG9ydCI6IDEsICJmX2NudCI6IDMwOSwgImZybV9wYXlsb2FkIjogImlBZ3M5aG89IiwgImRlY29kZWRfcGF5bG9hZCI6IHsiaGlzdG9yeSI6IDI2LCAicHJlc3MiOiA5ODQsICJyZXNldHMiOiAxMzYsICJzb2xhciI6IDAuMDgwMzEzNzI1NDkwMTk2MDgsICJ0ZW1wIjogMjJ9LCAicnhfbWV0YWRhdGEiOiBbeyJnYXRld2F5X2lkcyI6IHsiZ2F0ZXdheV9pZCI6ICJrZXJsaW5rLXdpcm5ldC1pb3QtMiIsICJldWkiOiAiNzI3NkZGMDAwQjAzMDkzNiJ9LCAidGltZSI6ICIyMDI0LTA5LTIyVDE3OjA0OjQwWiIsICJ0aW1lc3RhbXAiOiAyNjI3MTQwODUyLCAicnNzaSI6IC0xMTEsICJjaGFubmVsX3Jzc2kiOiAtMTExLCAic25yIjogLTQuMiwgImxvY2F0aW9uIjogeyJsYXRpdHVkZSI6IDQ5LjIyMDQzMTg1NTU0Mjk0LCAibG9uZ2l0dWRlIjogMTYuNTA5MTQ0MDA4MTU5NjQsICJhbHRpdHVkZSI6IDI0MCwgInNvdXJjZSI6ICJTT1VSQ0VfUkVHSVNUUlkifSwgInVwbGlua190b2tlbiI6ICJDaUlLSUFvVWEyVnliR2x1YXkxM2FYSnVaWFF0YVc5MExUSVNDSEoyL3dBTEF3azJFUFQ1MitRSkdnd0lxSnpCdHdZUTVMZUZzQU1nb0xLdzdycWJ0d0U9IiwgInJlY2VpdmVkX2F0IjogIjIwMjQtMDktMjJUMTc6MDQ6NDAuOTA2MDU4NzI0WiJ9XSwgInNldHRpbmdzIjogeyJkYXRhX3JhdGUiOiB7ImxvcmEiOiB7ImJhbmR3aWR0aCI6IDEyNTAwMCwgInNwcmVhZGluZ19mYWN0b3IiOiAxMiwgImNvZGluZ19yYXRlIjogIjQvNSJ9fSwgImZyZXF1ZW5jeSI6ICI4NjgxMDAwMDAiLCAidGltZXN0YW1wIjogMjYyNzE0MDg1MiwgInRpbWUiOiAiMjAyNC0wOS0yMlQxNzowNDo0MFoifSwgInJlY2VpdmVkX2F0IjogIjIwMjQtMDktMjJUMTc6MDQ6NDAuOTA3MTI0MDE1WiIsICJjb25zdW1lZF9haXJ0aW1lIjogIjEuMzE4OTEycyIsICJwYWNrZXRfZXJyb3JfcmF0ZSI6IDAuMzU0ODM4NywgIm5ldHdvcmtfaWRzIjogeyJuZXRfaWQiOiAiMDAwMDEzIiwgIm5zX2lkIjogIkVDNjU2RTAwMDAwMDAxODEiLCAidGVuYW50X2lkIjogInR0biIsICJjbHVzdGVyX2lkIjogImV1MSIsICJjbHVzdGVyX2FkZHJlc3MiOiAiZXUxLmNsb3VkLnRoZXRoaW5ncy5uZXR3b3JrIn19fQ==;down;
88072CF61B;1727024770;-8;-118;-7175.67;1;310;0;0;0;2;eyJlbmRfZGV2aWNlX2lkcyI6IHsiZGV2aWNlX2lkIjogImV1aS03MGIzZDU3ZWQwMDY4OTljIiwgImFwcGxpY2F0aW9uX2lkcyI6IHsiYXBwbGljYXRpb25faWQiOiAicHBpY292MS1kZW1vIn0sICJkZXZfZXVpIjogIjcwQjNENTdFRDAwNjg5OUMiLCAiZGV2X2FkZHIiOiAiMjYwQkJERTYifSwgImNvcnJlbGF0aW9uX2lkcyI6IFsiZ3M6dXBsaW5rOjAxSjhEQjVCVlZQODlGTURUNDlWN0FFM1ZHIl0sICJyZWNlaXZlZF9hdCI6ICIyMDI0LTA5LTIyVDE3OjA2OjExLjE0ODg5MDQ1MFoiLCAidXBsaW5rX21lc3NhZ2UiOiB7ImZfcG9ydCI6IDEsICJmX2NudCI6IDMxMCwgImZybV9wYXlsb2FkIjogImlBY3M5aHM9IiwgImRlY29kZWRfcGF5bG9hZCI6IHsiaGlzdG9yeSI6IDI3LCAicHJlc3MiOiA5ODQsICJyZXNldHMiOiAxMzYsICJzb2xhciI6IDAuMDcwMjc0NTA5ODAzOTIxNTcsICJ0ZW1wIjogMjJ9LCAicnhfbWV0YWRhdGEiOiBbeyJnYXRld2F5X2lkcyI6IHsiZ2F0ZXdheV9pZCI6ICJrZXJsaW5rLXdpcm5ldC1pb3QtMiIsICJldWkiOiAiNzI3NkZGMDAwQjAzMDkzNiJ9LCAidGltZSI6ICIyMDI0LTA5LTIyVDE3OjA2OjEwWiIsICJ0aW1lc3RhbXAiOiAyNzE3MTcyODI4LCAicnNzaSI6IC0xMTgsICJjaGFubmVsX3Jzc2kiOiAtMTE4LCAic25yIjogLTgsICJsb2NhdGlvbiI6IHsibGF0aXR1ZGUiOiA0OS4yMjA0MzE4NTU1NDI5NCwgImxvbmdpdHVkZSI6IDE2LjUwOTE0NDAwODE1OTY0LCAiYWx0aXR1ZGUiOiAyNDAsICJzb3VyY2UiOiAiU09VUkNFX1JFR0lTVFJZIn0sICJ1cGxpbmtfdG9rZW4iOiAiQ2lJS0lBb1VhMlZ5YkdsdWF5MTNhWEp1WlhRdGFXOTBMVElTQ0hKMi93QUxBd2syRU55STA0OEtHZ3dJZ3AzQnR3WVE0Y3ZrdndNZzRJNzhvSXFldHdFPSIsICJyZWNlaXZlZF9hdCI6ICIyMDI0LTA5LTIyVDE3OjA2OjEwLjkzOTA3NTA0MVoifV0sICJzZXR0aW5ncyI6IHsiZGF0YV9yYXRlIjogeyJsb3JhIjogeyJiYW5kd2lkdGgiOiAxMjUwMDAsICJzcHJlYWRpbmdfZmFjdG9yIjogMTIsICJjb2RpbmdfcmF0ZSI6ICI0LzUifX0sICJmcmVxdWVuY3kiOiAiODY4MTAwMDAwIiwgInRpbWVzdGFtcCI6IDI3MTcxNzI4MjgsICJ0aW1lIjogIjIwMjQtMDktMjJUMTc6MDY6MTBaIn0sICJyZWNlaXZlZF9hdCI6ICIyMDI0LTA5LTIyVDE3OjA2OjEwLjk0MTY0OTUxMVoiLCAiY29uc3VtZWRfYWlydGltZSI6ICIxLjMxODkxMnMiLCAicGFja2V0X2Vycm9yX3JhdGUiOiAwLjM1NDgzODcsICJuZXR3b3JrX2lkcyI6IHsibmV0X2lkIjogIjAwMDAxMyIsICJuc19pZCI6ICJFQzY1NkUwMDAwMDAwMTgxIiwgInRlbmFudF9pZCI6ICJ0dG4iLCAiY2x1c3Rlcl9pZCI6ICJldTEiLCAiY2x1c3Rlcl9hZGRyZXNzIjogImV1MS5jbG91ZC50aGV0aGluZ3MubmV0d29yayJ9fX0=;down;
1727024863;88062CF61C;9.25;-7180.39;-49.00;1;311;0;0;0;1;;down;
1727024953;880A2DF61D;10.25;-7123.24;-50.00;1;312;0;0;0;1;;down;
1727025045;88052DF61E;10.25;-7124.81;-52.00;1;313;0;0;0;1;;down;
88052DF61F;1727025135;-5.5;-116;-7146.83;1;314;0;0;0;2;eyJlbmRfZGV2aWNlX2lkcyI6IHsiZGV2aWNlX2lkIjogImV1aS03MGIzZDU3ZWQwMDY4OTljIiwgImFwcGxpY2F0aW9uX2lkcyI6IHsiYXBwbGljYXRpb25faWQiOiAicHBpY292MS1kZW1vIn0sICJkZXZfZXVpIjogIjcwQjNENTdFRDAwNjg5OUMiLCAiZGV2X2FkZHIiOiAiMjYwQkJERTYifSwgImNvcnJlbGF0aW9uX2lkcyI6IFsiZ3M6dXBsaW5rOjAxSjhEQkdGTUhRNlIzTU5KQkNONVpHN0JQIl0sICJyZWNlaXZlZF9hdCI6ICIyMDI0LTA5LTIyVDE3OjEyOjE1LjQ1OTM0NzI4OVoiLCAidXBsaW5rX21lc3NhZ2UiOiB7ImZfcG9ydCI6IDEsICJmX2NudCI6IDMxNCwgImZybV9wYXlsb2FkIjogImlBVXQ5aDg9IiwgImRlY29kZWRfcGF5bG9hZCI6IHsiaGlzdG9yeSI6IDMxLCAicHJlc3MiOiA5ODQsICJyZXNldHMiOiAxMzYsICJzb2xhciI6IDAuMDUwMTk2MDc4NDMxMzcyNTUsICJ0ZW1wIjogMjIuNX0sICJyeF9tZXRhZGF0YSI6IFt7ImdhdGV3YXlfaWRzIjogeyJnYXRld2F5X2lkIjogImtlcmxpbmstd2lybmV0LWlvdC0yIiwgImV1aSI6ICI3Mjc2RkYwMDBCMDMwOTM2In0sICJ0aW1lIjogIjIwMjQtMDktMjJUMTc6MTI6MTVaIiwgInRpbWVzdGFtcCI6IDMwODE0OTAxODgsICJyc3NpIjogLTExNiwgImNoYW5uZWxfcnNzaSI6IC0xMTYsICJzbnIiOiAtNS41LCAibG9jYXRpb24iOiB7ImxhdGl0dWRlIjogNDkuMjIwNDMxODU1NTQyOTQsICJsb25naXR1ZGUiOiAxNi41MDkxNDQwMDgxNTk2NCwgImFsdGl0dWRlIjogMjQwLCAic291cmNlIjogIlNPVVJDRV9SRUdJU1RSWSJ9LCAidXBsaW5rX3Rva2VuIjogIkNpSUtJQW9VYTJWeWJHbHVheTEzYVhKdVpYUXRhVzkwTFRJU0NISjIvd0FMQXdrMkVJeWVyNzBMR2dzSTc1L0J0d1lROFozaGRpRGdqWU81MTZpM0FRPT0iLCAicmVjZWl2ZWRfYXQiOiAiMjAyNC0wOS0yMlQxNzoxMjoxNS4yNDkwNTcwMDlaIn1dLCAic2V0dGluZ3MiOiB7ImRhdGFfcmF0ZSI6IHsibG9yYSI6IHsiYmFuZHdpZHRoIjogMTI1MDAwLCAic3ByZWFkaW5nX2ZhY3RvciI6IDEyLCAiY29kaW5nX3JhdGUiOiAiNC81In19LCAiZnJlcXVlbmN5IjogIjg2ODEwMDAwMCIsICJ0aW1lc3RhbXAiOiAzMDgxNDkwMTg4LCAidGltZSI6ICIyMDI0LTA5LTIyVDE3OjEyOjE1WiJ9LCAicmVjZWl2ZWRfYXQiOiAiMjAyNC0wOS0yMlQxNzoxMjoxNS4yNTAxNzk4MDhaIiwgImNvbnN1bWVkX2FpcnRpbWUiOiAiMS4zMTg5MTJzIiwgInBhY2tldF9lcnJvcl9yYXRlIjogMC40MTE3NjQ3LCAibmV0d29ya19pZHMiOiB7Im5ldF9pZCI6ICIwMDAwMTMiLCAibnNfaWQiOiAiRUM2NTZFMDAwMDAwMDE4MSIsICJ0ZW5hbnRfaWQiOiAidHRuIiwgImNsdXN0ZXJfaWQiOiAiZXUxIiwgImNsdXN0ZXJfYWRkcmVzcyI6ICJldTEuY2xvdWQudGhldGhpbmdzLm5ldHdvcmsifX19;down;
88052CF600;1727025226;-6.2;-126;-7156.27;1;315;0;0;0;2;eyJlbmRfZGV2aWNlX2lkcyI6IHsiZGV2aWNlX2lkIjogImV1aS03MGIzZDU3ZWQwMDY4OTljIiwgImFwcGxpY2F0aW9uX2lkcyI6IHsiYXBwbGljYXRpb25faWQiOiAicHBpY292MS1kZW1vIn0sICJkZXZfZXVpIjogIjcwQjNENTdFRDAwNjg5OUMiLCAiZGV2X2FkZHIiOiAiMjYwQkJERTYifSwgImNvcnJlbGF0aW9uX2lkcyI6IFsiZ3M6dXBsaW5rOjAxSjhEQks4SzdTVFJNSEg5Szk4Q0VKV0s3Il0sICJyZWNlaXZlZF9hdCI6ICIyMDI0LTA5LTIyVDE3OjEzOjQ2LjU1NTEzMTA4NVoiLCAidXBsaW5rX21lc3NhZ2UiOiB7ImZfcG9ydCI6IDEsICJmX2NudCI6IDMxNSwgImZybV9wYXlsb2FkIjogImlBVXM5Z0E9IiwgImRlY29kZWRfcGF5bG9hZCI6IHsiaGlzdG9yeSI6IDAsICJwcmVzcyI6IDk4NCwgInJlc2V0cyI6IDEzNiwgInNvbGFyIjogMC4wNTAxOTYwNzg0MzEzNzI1NSwgInRlbXAiOiAyMn0sICJyeF9tZXRhZGF0YSI6IFt7ImdhdGV3YXlfaWRzIjogeyJnYXRld2F5X2lkIjogImtlcmxpbmstd2lybmV0LWlvdC0yIiwgImV1aSI6ICI3Mjc2RkYwMDBCMDMwOTM2In0sICJ0aW1lIjogIjIwMjQtMDktMjJUMTc6MTM6NDZaIiwgInRpbWVzdGFtcCI6IDMxNzI1ODMyMDQsICJyc3NpIjogLTEyNiwgImNoYW5uZWxfcnNzaSI6IC0xMjYsICJzbnIiOiAtNi4yLCAibG9jYXRpb24iOiB7ImxhdGl0dWRlIjogNDkuMjIwNDMxODU1NTQyOTQsICJsb25naXR1ZGUiOiAxNi41MDkxNDQwMDgxNTk2NCwgImFsdGl0dWRlIjogMjQwLCAic291cmNlIjogIlNPVVJDRV9SRUdJU1RSWSJ9LCAidXBsaW5rX3Rva2VuIjogIkNpSUtJQW9VYTJWeWJHbHVheTEzYVhKdVpYUXRhVzkwTFRJU0NISjIvd0FMQXdrMkVLU081K2dMR2d3SXlxREJ0d1lRblAzVW93RWdvTW5INWFxcnR3RT0iLCAicmVjZWl2ZWRfYXQiOiAiMjAyNC0wOS0yMlQxNzoxMzo0Ni4zNDMyMjgwNjBaIn1dLCAic2V0dGluZ3MiOiB7ImRhdGFfcmF0ZSI6IHsibG9yYSI6IHsiYmFuZHdpZHRoIjogMTI1MDAwLCAic3ByZWFkaW5nX2ZhY3RvciI6IDEyLCAiY29kaW5nX3JhdGUiOiAiNC81In19LCAiZnJlcXVlbmN5IjogIjg2ODEwMDAwMCIsICJ0aW1lc3RhbXAiOiAzMTcyNTgzMjA0LCAidGltZSI6ICIyMDI0LTA5LTIyVDE3OjEzOjQ2WiJ9LCAicmVjZWl2ZWRfYXQiOiAiMjAyNC0wOS0yMlQxNzoxMzo0Ni4zNDQ5ODE1NTFaIiwgImNvbnN1bWVkX2FpcnRpbWUiOiAiMS4zMTg5MTJzIiwgInBhY2tldF9lcnJvcl9yYXRlIjogMC40MTE3NjQ3LCAibmV0d29ya19pZHMiOiB7Im5ldF9pZCI6ICIwMDAwMTMiLCAibnNfaWQiOiAiRUM2NTZFMDAwMDAwMDE4MSIsICJ0ZW5hbnRfaWQiOiAidHRuIiwgImNsdXN0ZXJfaWQiOiAiZXUxIiwgImNsdXN0ZXJfYWRkcmVzcyI6ICJldTEuY2xvdWQudGhldGhpbmdzLm5ldHdvcmsifX19;down;
1727025318;88052CF601;9.25;-7159.94;-53.00;1;316;0;0;0;1;;down;
1727025408;88042DF602;9.50;-7159.41;-53.00;1;317;0;0;0;1;;down;
1727025500;88042DF603;9.25;-7145.78;-53.00;1;318;0;0;0;1;;down;
1727025590;88042DF604;10.00;-7150.50;-53.00;1;319;0;0;0;1;;down;
1727025683;88042DF605;10.00;-7123.24;-54.00;1;320;0;0;0;1;;down;
1727025773;88042DF606;9.75;-7113.80;-52.00;1;321;0;0;0;1;;down;
1727025864;88042DF607;9.75;-7116.95;-53.00;1;322;0;0;0;1;;down;
88042DF608;1727025955;-7.2;-124;-7123.76;1;323;0;0;0;2;eyJlbmRfZGV2aWNlX2lkcyI6IHsiZGV2aWNlX2lkIjogImV1aS03MGIzZDU3ZWQwMDY4OTljIiwgImFwcGxpY2F0aW9uX2lkcyI6IHsiYXBwbGljYXRpb25faWQiOiAicHBpY292MS1kZW1vIn0sICJkZXZfZXVpIjogIjcwQjNENTdFRDAwNjg5OUMiLCAiZGV2X2FkZHIiOiAiMjYwQkJERTYifSwgImNvcnJlbGF0aW9uX2lkcyI6IFsiZ3M6dXBsaW5rOjAxSjhEQzlHNzFEUzI2VzU2NTdIN1BXUlpBIl0sICJyZWNlaXZlZF9hdCI6ICIyMDI0LTA5LTIyVDE3OjI1OjU1LjI1MTYzNjE0OVoiLCAidXBsaW5rX21lc3NhZ2UiOiB7ImZfcG9ydCI6IDEsICJmX2NudCI6IDMyMywgImZybV9wYXlsb2FkIjogImlBUXQ5Z2c9IiwgImRlY29kZWRfcGF5bG9hZCI6IHsiaGlzdG9yeSI6IDgsICJwcmVzcyI6IDk4NCwgInJlc2V0cyI6IDEzNiwgInNvbGFyIjogMC4wNDAxNTY4NjI3NDUwOTgwNCwgInRlbXAiOiAyMi41fSwgInJ4X21ldGFkYXRhIjogW3siZ2F0ZXdheV9pZHMiOiB7ImdhdGV3YXlfaWQiOiAia2VybGluay13aXJuZXQtaW90LTIiLCAiZXVpIjogIjcyNzZGRjAwMEIwMzA5MzYifSwgInRpbWUiOiAiMjAyNC0wOS0yMlQxNzoyNTo1NVoiLCAidGltZXN0YW1wIjogMzkwMTI4MTUzMiwgInJzc2kiOiAtMTI0LCAiY2hhbm5lbF9yc3NpIjogLTEyNCwgInNuciI6IC03LjIsICJsb2NhdGlvbiI6IHsibGF0aXR1ZGUiOiA0OS4yMjA0MzE4NTU1NDI5NCwgImxvbmdpdHVkZSI6IDE2LjUwOTE0NDAwODE1OTY0LCAiYWx0aXR1ZGUiOiAyNDAsICJzb3VyY2UiOiAiU09VUkNFX1JFR0lTVFJZIn0sICJ1cGxpbmtfdG9rZW4iOiAiQ2lJS0lBb1VhMlZ5YkdsdWF5MTNhWEp1WlhRdGFXOTBMVElTQ0hKMi93QUxBd2syRVB5cG84UU9HZ3NJbzZiQnR3WVFrYTNpRXlEZzhQK3p4Y0MzQVE9PSIsICJyZWNlaXZlZF9hdCI6ICIyMDI0LTA5LTIyVDE3OjI1OjU1LjA0MTQ1NzI5N1oifV0sICJzZXR0aW5ncyI6IHsiZGF0YV9yYXRlIjogeyJsb3JhIjogeyJiYW5kd2lkdGgiOiAxMjUwMDAsICJzcHJlYWRpbmdfZmFjdG9yIjogMTIsICJjb2RpbmdfcmF0ZSI6ICI0LzUifX0sICJmcmVxdWVuY3kiOiAiODY4MTAwMDAwIiwgInRpbWVzdGFtcCI6IDM5MDEyODE1MzIsICJ0aW1lIjogIjIwMjQtMDktMjJUMTc6MjU6NTVaIn0sICJyZWNlaXZlZF9hdCI6ICIyMDI0LTA5LTIyVDE3OjI1OjU1LjA0MjU1NzA2M1oiLCAiY29uc3VtZWRfYWlydGltZSI6ICIxLjMxODkxMnMiLCAicGFja2V0X2Vycm9yX3JhdGUiOiAwLjUxMjE5NTEsICJuZXR3b3JrX2lkcyI6IHsibmV0X2lkIjogIjAwMDAxMyIsICJuc19pZCI6ICJFQzY1NkUwMDAwMDAwMTgxIiwgInRlbmFudF9pZCI6ICJ0dG4iLCAiY2x1c3Rlcl9pZCI6ICJldTEiLCAiY2x1c3Rlcl9hZGRyZXNzIjogImV1MS5jbG91ZC50aGV0aGluZ3MubmV0d29yayJ9fX0=;down;
88042CF609;1727026046;-6;-122;-7131.63;1;324;0;0;0;2;eyJlbmRfZGV2aWNlX2lkcyI6IHsiZGV2aWNlX2lkIjogImV1aS03MGIzZDU3ZWQwMDY4OTljIiwgImFwcGxpY2F0aW9uX2lkcyI6IHsiYXBwbGljYXRpb25faWQiOiAicHBpY292MS1kZW1vIn0sICJkZXZfZXVpIjogIjcwQjNENTdFRDAwNjg5OUMiLCAiZGV2X2FkZHIiOiAiMjYwQkJERTYifSwgImNvcnJlbGF0aW9uX2lkcyI6IFsiZ3M6dXBsaW5rOjAxSjhEQ0M5NVI1M0pYWTUzTVJFRDg0UjlHIl0sICJyZWNlaXZlZF9hdCI6ICIyMDI0LTA5LTIyVDE3OjI3OjI2LjM0MTIwMTUxOVoiLCAidXBsaW5rX21lc3NhZ2UiOiB7ImZfcG9ydCI6IDEsICJmX2NudCI6IDMyNCwgImZybV9wYXlsb2FkIjogImlBUXM5Z2s9IiwgImRlY29kZWRfcGF5bG9hZCI6IHsiaGlzdG9yeSI6IDksICJwcmVzcyI6IDk4NCwgInJlc2V0cyI6IDEzNiwgInNvbGFyIjogMC4wNDAxNTY4NjI3NDUwOTgwNCwgInRlbXAiOiAyMn0sICJyeF9tZXRhZGF0YSI6IFt7ImdhdGV3YXlfaWRzIjogeyJnYXRld2F5X2lkIjogImtlcmxpbmstd2lybmV0LWlvdC0yIiwgImV1aSI6ICI3Mjc2RkYwMDBCMDMwOTM2In0sICJ0aW1lIjogIjIwMjQtMDktMjJUMTc6Mjc6MjZaIiwgInRpbWVzdGFtcCI6IDM5OTIzNzcwOTIsICJyc3NpIjogLTEyMiwgImNoYW5uZWxfcnNzaSI6IC0xMjIsICJzbnIiOiAtNiwgImxvY2F0aW9uIjogeyJsYXRpdHVkZSI6IDQ5LjIyMDQzMTg1NTU0Mjk0LCAibG9uZ2l0dWRlIjogMTYuNTA5MTQ0MDA4MTU5NjQsICJhbHRpdHVkZSI6IDI0MCwgInNvdXJjZSI6ICJTT1VSQ0VfUkVHSVNUUlkifSwgInVwbGlua190b2tlbiI6ICJDaUlLSUFvVWEyVnliR2x1YXkxM2FYSnVaWFF0YVc5MExUSVNDSEoyL3dBTEF3azJFSVN1Mis4T0dnc0kvcWJCdHdZUTFyVENRQ0NnejkvaG1NTzNBUT09IiwgInJlY2VpdmVkX2F0IjogIjIwMjQtMDktMjJUMTc6Mjc6MjYuMTM1MzA1ODE0WiJ9XSwgInNldHRpbmdzIjogeyJkYXRhX3JhdGUiOiB7ImxvcmEiOiB7ImJhbmR3aWR0aCI6IDEyNTAwMCwgInNwcmVhZGluZ19mYWN0b3IiOiAxMiwgImNvZGluZ19yYXRlIjogIjQvNSJ9fSwgImZyZXF1ZW5jeSI6ICI4NjgxMDAwMDAiLCAidGltZXN0YW1wIjogMzk5MjM3NzA5MiwgInRpbWUiOiAiMjAyNC0wOS0yMlQxNzoyNzoyNloifSwgInJlY2VpdmVkX2F0IjogIjIwMjQtMDktMjJUMTc6Mjc6MjYuMTM2Njg5Mjk1WiIsICJjb25zdW1lZF9haXJ0aW1lIjogIjEuMzE4OTEycyIsICJwYWNrZXRfZXJyb3JfcmF0ZSI6IDAuNSwgIm5ldHdvcmtfaWRzIjogeyJuZXRfaWQiOiAiMDAwMDEzIiwgIm5zX2lkIjogIkVDNjU2RTAwMDAwMDAxODEiLCAidGVuYW50X2lkIjogInR0biIsICJjbHVzdGVyX2lkIjogImV1MSIsICJjbHVzdGVyX2FkZHJlc3MiOiAiZXUxLmNsb3VkLnRoZXRoaW5ncy5uZXR3b3JrIn19fQ==;down;
1727026137;88092DF60A;10.25;-7111.70;-52.00;1;325;0;0;0;1;;down;
88122DF60B;1727026228;-9;-102;-7107.51;1;326;0;0;0;2;eyJlbmRfZGV2aWNlX2lkcyI6IHsiZGV2aWNlX2lkIjogImV1aS03MGIzZDU3ZWQwMDY4OTljIiwgImFwcGxpY2F0aW9uX2lkcyI6IHsiYXBwbGljYXRpb25faWQiOiAicHBpY292MS1kZW1vIn0sICJkZXZfZXVpIjogIjcwQjNENTdFRDAwNjg5OUMiLCAiZGV2X2FkZHIiOiAiMjYwQkJERTYifSwgImNvcnJlbGF0aW9uX2lkcyI6IFsiZ3M6dXBsaW5rOjAxSjhEQ0hWMlNKSjYzU0NaUFg1VlJaRTVUIl0sICJyZWNlaXZlZF9hdCI6ICIyMDI0LTA5LTIyVDE3OjMwOjI4LjUyNTE0NDczNFoiLCAidXBsaW5rX21lc3NhZ2UiOiB7ImZfcG9ydCI6IDEsICJmX2NudCI6IDMyNiwgImZybV9wYXlsb2FkIjogImlCSXQ5Z3M9IiwgImRlY29kZWRfcGF5bG9hZCI6IHsiaGlzdG9yeSI6IDExLCAicHJlc3MiOiA5ODQsICJyZXNldHMiOiAxMzYsICJzb2xhciI6IDAuMTgwNzA1ODgyMzUyOTQxMiwgInRlbXAiOiAyMi41fSwgInJ4X21ldGFkYXRhIjogW3siZ2F0ZXdheV9pZHMiOiB7ImdhdGV3YXlfaWQiOiAia2VybGluay13aXJuZXQtaW90LTIiLCAiZXVpIjogIjcyNzZGRjAwMEIwMzA5MzYifSwgInRpbWUiOiAiMjAyNC0wOS0yMlQxNzozMDoyOFoiLCAidGltZXN0YW1wIjogNDE3NDU0NDU4OCwgInJzc2kiOiAtMTAyLCAiY2hhbm5lbF9yc3NpIjogLTEwMiwgInNuciI6IC05LCAibG9jYXRpb24iOiB7ImxhdGl0dWRlIjogNDkuMjIwNDMxODU1NTQyOTQsICJsb25naXR1ZGUiOiAxNi41MDkxNDQwMDgxNTk2NCwgImFsdGl0dWRlIjogMjQwLCAic291cmNlIjogIlNPVVJDRV9SRUdJU1RSWSJ9LCAidXBsaW5rX3Rva2VuIjogIkNpSUtJQW9VYTJWeWJHbHVheTEzYVhKdVpYUXRhVzkwTFRJU0NISjIvd0FMQXdrMkVNejl5Y1lQR2d3SXRLakJ0d1lRbGFtamxRRWc0Sm45c2IvSXR3RT0iLCAicmVjZWl2ZWRfYXQiOiAiMjAyNC0wOS0yMlQxNzozMDoyOC4zMTMwNTQzNTdaIn1dLCAic2V0dGluZ3MiOiB7ImRhdGFfcmF0ZSI6IHsibG9yYSI6IHsiYmFuZHdpZHRoIjogMTI1MDAwLCAic3ByZWFkaW5nX2ZhY3RvciI6IDEyLCAiY29kaW5nX3JhdGUiOiAiNC81In19LCAiZnJlcXVlbmN5IjogIjg2ODEwMDAwMCIsICJ0aW1lc3RhbXAiOiA0MTc0NTQ0NTg4LCAidGltZSI6ICIyMDI0LTA5LTIyVDE3OjMwOjI4WiJ9LCAicmVjZWl2ZWRfYXQiOiAiMjAyNC0wOS0yMlQxNzozMDoyOC4zMTQxMDQxNTJaIiwgImNvbnN1bWVkX2FpcnRpbWUiOiAiMS4zMTg5MTJzIiwgInBhY2tldF9lcnJvcl9yYXRlIjogMC40NDQ0NDQ0NSwgIm5ldHdvcmtfaWRzIjogeyJuZXRfaWQiOiAiMDAwMDEzIiwgIm5zX2lkIjogIkVDNjU2RTAwMDAwMDAxODEiLCAidGVuYW50X2lkIjogInR0biIsICJjbHVzdGVyX2lkIjogImV1MSIsICJjbHVzdGVyX2FkZHJlc3MiOiAiZXUxLmNsb3VkLnRoZXRoaW5ncy5uZXR3b3JrIn19fQ==;down;
88122DF60C;1727026319;-7.5;-124;-7108.03;1;327;0;0;0;2;eyJlbmRfZGV2aWNlX2lkcyI6IHsiZGV2aWNlX2lkIjogImV1aS03MGIzZDU3ZWQwMDY4OTljIiwgImFwcGxpY2F0aW9uX2lkcyI6IHsiYXBwbGljYXRpb25faWQiOiAicHBpY292MS1kZW1vIn0sICJkZXZfZXVpIjogIjcwQjNENTdFRDAwNjg5OUMiLCAiZGV2X2FkZHIiOiAiMjYwQkJERTYifSwgImNvcnJlbGF0aW9uX2lkcyI6IFsiZ3M6dXBsaW5rOjAxSjhEQ01NMTdLRENBVkpDUjhWTkIzMFI4Il0sICJyZWNlaXZlZF9hdCI6ICIyMDI0LTA5LTIyVDE3OjMxOjU5LjYwNTc4ODgwM1oiLCAidXBsaW5rX21lc3NhZ2UiOiB7ImZfcG9ydCI6IDEsICJmX2NudCI6IDMyNywgImZybV9wYXlsb2FkIjogImlCSXQ5Z3c9IiwgImRlY29kZWRfcGF5bG9hZCI6IHsiaGlzdG9yeSI6IDEyLCAicHJlc3MiOiA5ODQsICJyZXNldHMiOiAxMzYsICJzb2xhciI6IDAuMTgwNzA1ODgyMzUyOTQxMiwgInRlbXAiOiAyMi41fSwgInJ4X21ldGFkYXRhIjogW3siZ2F0ZXdheV9pZHMiOiB7ImdhdGV3YXlfaWQiOiAia2VybGluay13aXJuZXQtaW90LTIiLCAiZXVpIjogIjcyNzZGRjAwMEIwMzA5MzYifSwgInRpbWUiOiAiMjAyNC0wOS0yMlQxNzozMTo1OVoiLCAidGltZXN0YW1wIjogNDI2NTYzNTM1NiwgInJzc2kiOiAtMTI0LCAiY2hhbm5lbF9yc3NpIjogLTEyNCwgInNuciI6IC03LjUsICJsb2NhdGlvbiI6IHsibGF0aXR1ZGUiOiA0OS4yMjA0MzE4NTU1NDI5NCwgImxvbmdpdHVkZSI6IDE2LjUwOTE0NDAwODE1OTY0LCAiYWx0aXR1ZGUiOiAyNDAsICJzb3VyY2UiOiAiU09VUkNFX1JFR0lTVFJZIn0sICJ1cGxpbmtfdG9rZW4iOiAiQ2lJS0lBb1VhMlZ5YkdsdWF5MTNhWEp1WlhRdGFXOTBMVElTQ0hKMi93QUxBd2syRUp6Y2dmSVBHZ3dJajZuQnR3WVEvODJxdmdFZzRMcTQzWkxMdHdFPSIsICJyZWNlaXZlZF9hdCI6ICIyMDI0LTA5LTIyVDE3OjMxOjU5LjM5OTE1Njk5MVoifV0sICJzZXR0aW5ncyI6IHsiZGF0YV9yYXRlIjogeyJsb3JhIjogeyJiYW5kd2lkdGgiOiAxMjUwMDAsICJzcHJlYWRpbmdfZmFjdG9yIjogMTIsICJjb2RpbmdfcmF0ZSI6ICI0LzUifX0sICJmcmVxdWVuY3kiOiAiODY4MTAwMDAwIiwgInRpbWVzdGFtcCI6IDQyNjU2MzUzNTYsICJ0aW1lIjogIjIwMjQtMDktMjJUMTc6MzE6NTlaIn0sICJyZWNlaXZlZF9hdCI6ICIyMDI0LTA5LTIyVDE3OjMxOjU5LjQwMDE3ODg4OFoiLCAiY29uc3VtZWRfYWlydGltZSI6ICIxLjMxODkxMnMiLCAicGFja2V0X2Vycm9yX3JhdGUiOiAwLjQxMTc2NDcsICJuZXR3b3JrX2lkcyI6IHsibmV0X2lkIjogIjAwMDAxMyIsICJuc19pZCI6ICJFQzY1NkUwMDAwMDAwMTgxIiwgInRlbmFudF9pZCI6ICJ0dG4iLCAiY2x1c3Rlcl9pZCI6ICJldTEiLCAiY2x1c3Rlcl9hZGRyZXNzIjogImV1MS5jbG91ZC50aGV0aGluZ3MubmV0d29yayJ9fX0=;down;
1727026410;88112DF60D;10.50;-7119.04;-50.00;1;328;0;0;0;1;;down;
1727026502;88112CF60E;10.50;-7128.48;-52.00;1;329;0;0;0;1;;down;
88102DF60F;1727026592;-5.2;-109;-7116.95;1;330;0;0;0;2;eyJlbmRfZGV2aWNlX2lkcyI6IHsiZGV2aWNlX2lkIjogImV1aS03MGIzZDU3ZWQwMDY4OTljIiwgImFwcGxpY2F0aW9uX2lkcyI6IHsiYXBwbGljYXRpb25faWQiOiAicHBpY292MS1kZW1vIn0sICJkZXZfZXVpIjogIjcwQjNENTdFRDAwNjg5OUMiLCAiZGV2X2FkZHIiOiAiMjYwQkJERTYifSwgImNvcnJlbGF0aW9uX2lkcyI6IFsiZ3M6dXBsaW5rOjAxSjhEQ1dZV1RHS0I5SkYzTlk5VDFXNjRRIl0sICJyZWNlaXZlZF9hdCI6ICIyMDI0LTA5LTIyVDE3OjM2OjMyLjg3NjUyMDEwM1oiLCAidXBsaW5rX21lc3NhZ2UiOiB7ImZfcG9ydCI6IDEsICJmX2NudCI6IDMzMCwgImZybV9wYXlsb2FkIjogImlCQXQ5Zzg9IiwgImRlY29kZWRfcGF5bG9hZCI6IHsiaGlzdG9yeSI6IDE1LCAicHJlc3MiOiA5ODQsICJyZXNldHMiOiAxMzYsICJzb2xhciI6IDAuMTYwNjI3NDUwOTgwMzkyMTYsICJ0ZW1wIjogMjIuNX0sICJyeF9tZXRhZGF0YSI6IFt7ImdhdGV3YXlfaWRzIjogeyJnYXRld2F5X2lkIjogImtlcmxpbmstd2lybmV0LWlvdC0yIiwgImV1aSI6ICI3Mjc2RkYwMDBCMDMwOTM2In0sICJ0aW1lIjogIjIwMjQtMDktMjJUMTc6MzY6MzJaIiwgInRpbWVzdGFtcCI6IDI0MzkyOTI1MiwgInJzc2kiOiAtMTA5LCAiY2hhbm5lbF9yc3NpIjogLTEwOSwgInNuciI6IC01LjIsICJsb2NhdGlvbiI6IHsibGF0aXR1ZGUiOiA0OS4yMjA0MzE4NTU1NDI5NCwgImxvbmdpdHVkZSI6IDE2LjUwOTE0NDAwODE1OTY0LCAiYWx0aXR1ZGUiOiAyNDAsICJzb3VyY2UiOiAiU09VUkNFX1JFR0lTVFJZIn0sICJ1cGxpbmtfdG9rZW4iOiAiQ2lJS0lBb1VhMlZ5YkdsdWF5MTNhWEp1WlhRdGFXOTBMVElTQ0hKMi93QUxBd2syRUtTaHFIUWFEQWlncThHM0JoRDM2N1M5QWlDZ2djVGFqTk8zQVE9PSIsICJyZWNlaXZlZF9hdCI6ICIyMDI0LTA5LTIyVDE3OjM2OjMyLjY2NTY2Mjk2N1oifV0sICJzZXR0aW5ncyI6IHsiZGF0YV9yYXRlIjogeyJsb3JhIjogeyJiYW5kd2lkdGgiOiAxMjUwMDAsICJzcHJlYWRpbmdfZmFjdG9yIjogMTIsICJjb2RpbmdfcmF0ZSI6ICI0LzUifX0sICJmcmVxdWVuY3kiOiAiODY4MTAwMDAwIiwgInRpbWVzdGFtcCI6IDI0MzkyOTI1MiwgInRpbWUiOiAiMjAyNC0wOS0yMlQxNzozNjozMloifSwgInJlY2VpdmVkX2F0IjogIjIwMjQtMDktMjJUMTc6MzY6MzIuNjY3NDYxNDUyWiIsICJjb25zdW1lZF9haXJ0aW1lIjogIjEuMzE4OTEycyIsICJwYWNrZXRfZXJyb3JfcmF0ZSI6IDAuNDI4NTcxNDMsICJuZXR3b3JrX2lkcyI6IHsibmV0X2lkIjogIjAwMDAxMyIsICJuc19pZCI6ICJFQzY1NkUwMDAwMDAwMTgxIiwgInRlbmFudF9pZCI6ICJ0dG4iLCAiY2x1c3Rlcl9pZCI6ICJldTEiLCAiY2x1c3Rlcl9hZGRyZXNzIjogImV1MS5jbG91ZC50aGV0aGluZ3MubmV0d29yayJ9fX0=;down;
1727026685;88102CF610;9.75;-7133.20;-51.00;1;331;0;0;0;1;;down;
88102CF611;1727026774;-8.8;-120;-7142.11;1;332;0;0;0;2;eyJlbmRfZGV2aWNlX2lkcyI6IHsiZGV2aWNlX2lkIjogImV1aS03MGIzZDU3ZWQwMDY4OTljIiwgImFwcGxpY2F0aW9uX2lkcyI6IHsiYXBwbGljYXRpb25faWQiOiAicHBpY292MS1kZW1vIn0sICJkZXZfZXVpIjogIjcwQjNENTdFRDAwNjg5OUMiLCAiZGV2X2FkZHIiOiAiMjYwQkJERTYifSwgImNvcnJlbGF0aW9uX2lkcyI6IFsiZ3M6dXBsaW5rOjAxSjhERDJHU0M4VFpGUjZWSDhFTjQ3MkFXIl0sICJyZWNlaXZlZF9hdCI6ICIyMDI0LTA5LTIyVDE3OjM5OjM1LjAzNzA3MzYzOVoiLCAidXBsaW5rX21lc3NhZ2UiOiB7ImZfcG9ydCI6IDEsICJmX2NudCI6IDMzMiwgImZybV9wYXlsb2FkIjogImlCQXM5aEU9IiwgImRlY29kZWRfcGF5bG9hZCI6IHsiaGlzdG9yeSI6IDE3LCAicHJlc3MiOiA5ODQsICJyZXNldHMiOiAxMzYsICJzb2xhciI6IDAuMTYwNjI3NDUwOTgwMzkyMTYsICJ0ZW1wIjogMjJ9LCAicnhfbWV0YWRhdGEiOiBbeyJnYXRld2F5X2lkcyI6IHsiZ2F0ZXdheV9pZCI6ICJrZXJsaW5rLXdpcm5ldC1pb3QtMiIsICJldWkiOiAiNzI3NkZGMDAwQjAzMDkzNiJ9LCAidGltZSI6ICIyMDI0LTA5LTIyVDE3OjM5OjM0WiIsICJ0aW1lc3RhbXAiOiA0MjYwOTU0NTIsICJyc3NpIjogLTEyMCwgImNoYW5uZWxfcnNzaSI6IC0xMjAsICJzbnIiOiAtOC44LCAibG9jYXRpb24iOiB7ImxhdGl0dWRlIjogNDkuMjIwNDMxODU1NTQyOTQsICJsb25naXR1ZGUiOiAxNi41MDkxNDQwMDgxNTk2NCwgImFsdGl0dWRlIjogMjQwLCAic291cmNlIjogIlNPVVJDRV9SRUdJU1RSWSJ9LCAidXBsaW5rX3Rva2VuIjogIkNpSUtJQW9VYTJWeWJHbHVheTEzYVhKdVpYUXRhVzkwTFRJU0NISjIvd0FMQXdrMkVOem1sc3NCR2d3STFxekJ0d1lRbmFmdmlnTWc0TDZTcXJQWXR3RT0iLCAicmVjZWl2ZWRfYXQiOiAiMjAyNC0wOS0yMlQxNzozOTozNC44MjgxMDE1MzNaIn1dLCAic2V0dGluZ3MiOiB7ImRhdGFfcmF0ZSI6IHsibG9yYSI6IHsiYmFuZHdpZHRoIjogMTI1MDAwLCAic3ByZWFkaW5nX2ZhY3RvciI6IDEyLCAiY29kaW5nX3JhdGUiOiAiNC81In19LCAiZnJlcXVlbmN5IjogIjg2ODEwMDAwMCIsICJ0aW1lc3RhbXAiOiA0MjYwOTU0NTIsICJ0aW1lIjogIjIwMjQtMDktMjJUMTc6Mzk6MzRaIn0sICJyZWNlaXZlZF9hdCI6ICIyMDI0LTA5LTIyVDE3OjM5OjM0LjgyOTQwMTIzMVoiLCAiY29uc3VtZWRfYWlydGltZSI6ICIxLjMxODkxMnMiLCAicGFja2V0X2Vycm9yX3JhdGUiOiAwLjQ0NDQ0NDQ1LCAibmV0d29ya19pZHMiOiB7Im5ldF9pZCI6ICIwMDAwMTMiLCAibnNfaWQiOiAiRUM2NTZFMDAwMDAwMDE4MSIsICJ0ZW5hbnRfaWQiOiAidHRuIiwgImNsdXN0ZXJfaWQiOiAiZXUxIiwgImNsdXN0ZXJfYWRkcmVzcyI6ICJldTEuY2xvdWQudGhldGhpbmdzLm5ldHdvcmsifX19;down;
1727026866;88102CF612;10.25;-7147.88;-51.00;1;333;0;0;0;1;;down;
1727026957;88102CF613;10.50;-7153.65;-54.00;1;334;0;0;0;1;;down;
1727027048;88102CF614;9.50;-7156.79;-53.00;1;335;0;0;0;1;;down;
1727027140;88102DF615;9.50;-7131.10;-59.00;1;336;0;0;0;1;;down;
88102DF617;1727027318;-5;-115;-7051.94;1;338;0;0;0;2;eyJlbmRfZGV2aWNlX2lkcyI6IHsiZGV2aWNlX2lkIjogImV1aS03MGIzZDU3ZWQwMDY4OTljIiwgImFwcGxpY2F0aW9uX2lkcyI6IHsiYXBwbGljYXRpb25faWQiOiAicHBpY292MS1kZW1vIn0sICJkZXZfZXVpIjogIjcwQjNENTdFRDAwNjg5OUMiLCAiZGV2X2FkZHIiOiAiMjYwQkJERTYifSwgImNvcnJlbGF0aW9uX2lkcyI6IFsiZ3M6dXBsaW5rOjAxSjhEREszQlM0WjlaOEFYRVY0MDk3RDkwIl0sICJyZWNlaXZlZF9hdCI6ICIyMDI0LTA5LTIyVDE3OjQ4OjM4LjM0NDYzNzI0M1oiLCAidXBsaW5rX21lc3NhZ2UiOiB7ImZfcG9ydCI6IDEsICJmX2NudCI6IDMzOCwgImZybV9wYXlsb2FkIjogImlCQXQ5aGM9IiwgImRlY29kZWRfcGF5bG9hZCI6IHsiaGlzdG9yeSI6IDIzLCAicHJlc3MiOiA5ODQsICJyZXNldHMiOiAxMzYsICJzb2xhciI6IDAuMTYwNjI3NDUwOTgwMzkyMTYsICJ0ZW1wIjogMjIuNX0sICJyeF9tZXRhZGF0YSI6IFt7ImdhdGV3YXlfaWRzIjogeyJnYXRld2F5X2lkIjogImtlcmxpbmstd2lybmV0LWlvdC0yIiwgImV1aSI6ICI3Mjc2RkYwMDBCMDMwOTM2In0sICJ0aW1lIjogIjIwMjQtMDktMjJUMTc6NDg6MzhaIiwgInRpbWVzdGFtcCI6IDk2OTQwOTg0NCwgInJzc2kiOiAtMTE1LCAiY2hhbm5lbF9yc3NpIjogLTExNSwgInNuciI6IC01LCAibG9jYXRpb24iOiB7ImxhdGl0dWRlIjogNDkuMjIwNDMxODU1NTQyOTQsICJsb25naXR1ZGUiOiAxNi41MDkxNDQwMDgxNTk2NCwgImFsdGl0dWRlIjogMjQwLCAic291cmNlIjogIlNPVVJDRV9SRUdJU1RSWSJ9LCAidXBsaW5rX3Rva2VuIjogIkNpSUtJQW9VYTJWeWJHbHVheTEzYVhKdVpYUXRhVzkwTFRJU0NISjIvd0FMQXdrMkVMU0tvTTRER2dzSTlyREJ0d1lRdmNDWFFTQ2dwdEdxbStpM0FRPT0iLCAicmVjZWl2ZWRfYXQiOiAiMjAyNC0wOS0yMlQxNzo0ODozOC4xMzY2OTk5NjVaIn1dLCAic2V0dGluZ3MiOiB7ImRhdGFfcmF0ZSI6IHsibG9yYSI6IHsiYmFuZHdpZHRoIjogMTI1MDAwLCAic3ByZWFkaW5nX2ZhY3RvciI6IDEyLCAiY29kaW5nX3JhdGUiOiAiNC81In19LCAiZnJlcXVlbmN5IjogIjg2ODEwMDAwMCIsICJ0aW1lc3RhbXAiOiA5Njk0MDk4NDQsICJ0aW1lIjogIjIwMjQtMDktMjJUMTc6NDg6MzhaIn0sICJyZWNlaXZlZF9hdCI6ICIyMDI0LTA5LTIyVDE3OjQ4OjM4LjEzNzgyMTA1OFoiLCAiY29uc3VtZWRfYWlydGltZSI6ICIxLjMxODkxMnMiLCAicGFja2V0X2Vycm9yX3JhdGUiOiAwLjUsICJuZXR3b3JrX2lkcyI6IHsibmV0X2lkIjogIjAwMDAxMyIsICJuc19pZCI6ICJFQzY1NkUwMDAwMDAwMTgxIiwgInRlbmFudF9pZCI6ICJ0dG4iLCAiY2x1c3Rlcl9pZCI6ICJldTEiLCAiY2x1c3Rlcl9hZGRyZXNzIjogImV1MS5jbG91ZC50aGV0aGluZ3MubmV0d29yayJ9fX0=;down;
1727027410;88102DF618;9.75;-7115.37;-57.00;1;339;0;0;0;1;;down;
88102DF619;1727027500;-5.8;-122;-7157.32;1;340;0;0;0;2;eyJlbmRfZGV2aWNlX2lkcyI6IHsiZGV2aWNlX2lkIjogImV1aS03MGIzZDU3ZWQwMDY4OTljIiwgImFwcGxpY2F0aW9uX2lkcyI6IHsiYXBwbGljYXRpb25faWQiOiAicHBpY292MS1kZW1vIn0sICJkZXZfZXVpIjogIjcwQjNENTdFRDAwNjg5OUMiLCAiZGV2X2FkZHIiOiAiMjYwQkJERTYifSwgImNvcnJlbGF0aW9uX2lkcyI6IFsiZ3M6dXBsaW5rOjAxSjhERFJOOTEySkQyWlpNWTlSMDhSWVJOIl0sICJyZWNlaXZlZF9hdCI6ICIyMDI0LTA5LTIyVDE3OjUxOjQwLjUzMDM2NTkzOFoiLCAidXBsaW5rX21lc3NhZ2UiOiB7ImZfcG9ydCI6IDEsICJmX2NudCI6IDM0MCwgImZybV9wYXlsb2FkIjogImlCQXQ5aGs9IiwgImRlY29kZWRfcGF5bG9hZCI6IHsiaGlzdG9yeSI6IDI1LCAicHJlc3MiOiA5ODQsICJyZXNldHMiOiAxMzYsICJzb2xhciI6IDAuMTYwNjI3NDUwOTgwMzkyMTYsICJ0ZW1wIjogMjIuNX0sICJyeF9tZXRhZGF0YSI6IFt7ImdhdGV3YXlfaWRzIjogeyJnYXRld2F5X2lkIjogImtlcmxpbmstd2lybmV0LWlvdC0yIiwgImV1aSI6ICI3Mjc2RkYwMDBCMDMwOTM2In0sICJ0aW1lIjogIjIwMjQtMDktMjJUMTc6NTE6NDBaIiwgInRpbWVzdGFtcCI6IDExNTE1OTM0MjAsICJyc3NpIjogLTEyMiwgImNoYW5uZWxfcnNzaSI6IC0xMjIsICJzbnIiOiAtNS44LCAibG9jYXRpb24iOiB7ImxhdGl0dWRlIjogNDkuMjIwNDMxODU1NTQyOTQsICJsb25naXR1ZGUiOiAxNi41MDkxNDQwMDgxNTk2NCwgImFsdGl0dWRlIjogMjQwLCAic291cmNlIjogIlNPVVJDRV9SRUdJU1RSWSJ9LCAidXBsaW5rX3Rva2VuIjogIkNpSUtJQW9VYTJWeWJHbHVheTEzYVhKdVpYUXRhVzkwTFRJU0NISjIvd0FMQXdrMkVNelhqNlVFR2d3SXJMTEJ0d1lRaXNUc21BRWc0S25FZ3NMdHR3RT0iLCAicmVjZWl2ZWRfYXQiOiAiMjAyNC0wOS0yMlQxNzo1MTo0MC4zMjA1NDUyOTBaIn1dLCAic2V0dGluZ3MiOiB7ImRhdGFfcmF0ZSI6IHsibG9yYSI6IHsiYmFuZHdpZHRoIjogMTI1MDAwLCAic3ByZWFkaW5nX2ZhY3RvciI6IDEyLCAiY29kaW5nX3JhdGUiOiAiNC81In19LCAiZnJlcXVlbmN5IjogIjg2ODEwMDAwMCIsICJ0aW1lc3RhbXAiOiAxMTUxNTkzNDIwLCAidGltZSI6ICIyMDI0LTA5LTIyVDE3OjUxOjQwWiJ9LCAicmVjZWl2ZWRfYXQiOiAiMjAyNC0wOS0yMlQxNzo1MTo0MC4zMjE3ODk1OThaIiwgImNvbnN1bWVkX2FpcnRpbWUiOiAiMS4zMTg5MTJzIiwgInBhY2tldF9lcnJvcl9yYXRlIjogMC41MTIxOTUxLCAibmV0d29ya19pZHMiOiB7Im5ldF9pZCI6ICIwMDAwMTMiLCAibnNfaWQiOiAiRUM2NTZFMDAwMDAwMDE4MSIsICJ0ZW5hbnRfaWQiOiAidHRuIiwgImNsdXN0ZXJfaWQiOiAiZXUxIiwgImNsdXN0ZXJfYWRkcmVzcyI6ICJldTEuY2xvdWQudGhldGhpbmdzLm5ldHdvcmsifX19;down;
88102DF61A;1727027591;-4.8;-123;-7184.06;1;341;0;0;0;2;eyJlbmRfZGV2aWNlX2lkcyI6IHsiZGV2aWNlX2lkIjogImV1aS03MGIzZDU3ZWQwMDY4OTljIiwgImFwcGxpY2F0aW9uX2lkcyI6IHsiYXBwbGljYXRpb25faWQiOiAicHBpY292MS1kZW1vIn0sICJkZXZfZXVpIjogIjcwQjNENTdFRDAwNjg5OUMiLCAiZGV2X2FkZHIiOiAiMjYwQkJERTYifSwgImNvcnJlbGF0aW9uX2lkcyI6IFsiZ3M6dXBsaW5rOjAxSjhERFZFN1FQWlpCSEVLTko5U0NRNkVFIl0sICJyZWNlaXZlZF9hdCI6ICIyMDI0LTA5LTIyVDE3OjUzOjExLjYyMzE1NjYxNFoiLCAidXBsaW5rX21lc3NhZ2UiOiB7ImZfcG9ydCI6IDEsICJmX2NudCI6IDM0MSwgImZybV9wYXlsb2FkIjogImlCQXQ5aG89IiwgImRlY29kZWRfcGF5bG9hZCI6IHsiaGlzdG9yeSI6IDI2LCAicHJlc3MiOiA5ODQsICJyZXNldHMiOiAxMzYsICJzb2xhciI6IDAuMTYwNjI3NDUwOTgwMzkyMTYsICJ0ZW1wIjogMjIuNX0sICJyeF9tZXRhZGF0YSI6IFt7ImdhdGV3YXlfaWRzIjogeyJnYXRld2F5X2lkIjogImtlcmxpbmstd2lybmV0LWlvdC0yIiwgImV1aSI6ICI3Mjc2RkYwMDBCMDMwOTM2In0sICJ0aW1lIjogIjIwMjQtMDktMjJUMTc6NTM6MTFaIiwgInRpbWVzdGFtcCI6IDEyNDI2ODA4NTIsICJyc3NpIjogLTEyMywgImNoYW5uZWxfcnNzaSI6IC0xMjMsICJzbnIiOiAtNC44LCAibG9jYXRpb24iOiB7ImxhdGl0dWRlIjogNDkuMjIwNDMxODU1NTQyOTQsICJsb25naXR1ZGUiOiAxNi41MDkxNDQwMDgxNTk2NCwgImFsdGl0dWRlIjogMjQwLCAic291cmNlIjogIlNPVVJDRV9SRUdJU1RSWSJ9LCAidXBsaW5rX3Rva2VuIjogIkNpSUtJQW9VYTJWeWJHbHVheTEzYVhKdVpYUXRhVzkwTFRJU0NISjIvd0FMQXdrMkVKU2N4OUFFR2d3SWg3UEJ0d1lRZ2Vqc3hRRWdvUHl6ckpYd3R3RT0iLCAicmVjZWl2ZWRfYXQiOiAiMjAyNC0wOS0yMlQxNzo1MzoxMS40MTQ5MjE3MjlaIn1dLCAic2V0dGluZ3MiOiB7ImRhdGFfcmF0ZSI6IHsibG9yYSI6IHsiYmFuZHdpZHRoIjogMTI1MDAwLCAic3ByZWFkaW5nX2ZhY3RvciI6IDEyLCAiY29kaW5nX3JhdGUiOiAiNC81In19LCAiZnJlcXVlbmN5IjogIjg2ODEwMDAwMCIsICJ0aW1lc3RhbXAiOiAxMjQyNjgwODUyLCAidGltZSI6ICIyMDI0LTA5LTIyVDE3OjUzOjExWiJ9LCAicmVjZWl2ZWRfYXQiOiAiMjAyNC0wOS0yMlQxNzo1MzoxMS40MTYyMjAxMjZaIiwgImNvbnN1bWVkX2FpcnRpbWUiOiAiMS4zMTg5MTJzIiwgInBhY2tldF9lcnJvcl9yYXRlIjogMC41MTIxOTUxLCAibmV0d29ya19pZHMiOiB7Im5ldF9pZCI6ICIwMDAwMTMiLCAibnNfaWQiOiAiRUM2NTZFMDAwMDAwMDE4MSIsICJ0ZW5hbnRfaWQiOiAidHRuIiwgImNsdXN0ZXJfaWQiOiAiZXUxIiwgImNsdXN0ZXJfYWRkcmVzcyI6ICJldTEuY2xvdWQudGhldGhpbmdzLm5ldHdvcmsifX19;down;
1727027685;88102CF61B;9.25;-7192.44;-58.00;1;342;0;0;0;1;;down;
88102CF61C;1727027773;-10.5;-120;-7198.74;1;343;0;0;0;2;eyJlbmRfZGV2aWNlX2lkcyI6IHsiZGV2aWNlX2lkIjogImV1aS03MGIzZDU3ZWQwMDY4OTljIiwgImFwcGxpY2F0aW9uX2lkcyI6IHsiYXBwbGljYXRpb25faWQiOiAicHBpY292MS1kZW1vIn0sICJkZXZfZXVpIjogIjcwQjNENTdFRDAwNjg5OUMiLCAiZGV2X2FkZHIiOiAiMjYwQkJERTYifSwgImNvcnJlbGF0aW9uX2lkcyI6IFsiZ3M6dXBsaW5rOjAxSjhERTEwM1dNMVEwRFc2U0VESzdZMTFHIl0sICJyZWNlaXZlZF9hdCI6ICIyMDI0LTA5LTIyVDE3OjU2OjEzLjc3MDc0NzI1N1oiLCAidXBsaW5rX21lc3NhZ2UiOiB7ImZfcG9ydCI6IDEsICJmX2NudCI6IDM0MywgImZybV9wYXlsb2FkIjogImlCQXM5aHc9IiwgImRlY29kZWRfcGF5bG9hZCI6IHsiaGlzdG9yeSI6IDI4LCAicHJlc3MiOiA5ODQsICJyZXNldHMiOiAxMzYsICJzb2xhciI6IDAuMTYwNjI3NDUwOTgwMzkyMTYsICJ0ZW1wIjogMjJ9LCAicnhfbWV0YWRhdGEiOiBbeyJnYXRld2F5X2lkcyI6IHsiZ2F0ZXdheV9pZCI6ICJrZXJsaW5rLXdpcm5ldC1pb3QtMiIsICJldWkiOiAiNzI3NkZGMDAwQjAzMDkzNiJ9LCAidGltZSI6ICIyMDI0LTA5LTIyVDE3OjU2OjEzWiIsICJ0aW1lc3RhbXAiOiAxNDI0ODM5MTk2LCAicnNzaSI6IC0xMjAsICJjaGFubmVsX3Jzc2kiOiAtMTIwLCAic25yIjogLTEwLjUsICJsb2NhdGlvbiI6IHsibGF0aXR1ZGUiOiA0OS4yMjA0MzE4NTU1NDI5NCwgImxvbmdpdHVkZSI6IDE2LjUwOTE0NDAwODE1OTY0LCAiYWx0aXR1ZGUiOiAyNDAsICJzb3VyY2UiOiAiU09VUkNFX1JFR0lTVFJZIn0sICJ1cGxpbmtfdG9rZW4iOiAiQ2lJS0lBb1VhMlZ5YkdsdWF5MTNhWEp1WlhRdGFXOTBMVElTQ0hKMi93QUxBd2syRUp5a3RhY0ZHZ3dJdmJUQnR3WVFuYlQ1akFJZzRQcWkrTHYxdHdFPSIsICJyZWNlaXZlZF9hdCI6ICIyMDI0LTA5LTIyVDE3OjU2OjEzLjU2NDAyNTg4NVoifV0sICJzZXR0aW5ncyI6IHsiZGF0YV9yYXRlIjogeyJsb3JhIjogeyJiYW5kd2lkdGgiOiAxMjUwMDAsICJzcHJlYWRpbmdfZmFjdG9yIjogMTIsICJjb2RpbmdfcmF0ZSI6ICI0LzUifX0sICJmcmVxdWVuY3kiOiAiODY4MTAwMDAwIiwgInRpbWVzdGFtcCI6IDE0MjQ4MzkxOTYsICJ0aW1lIjogIjIwMjQtMDktMjJUMTc6NTY6MTNaIn0sICJyZWNlaXZlZF9hdCI6ICIyMDI0LTA5LTIyVDE3OjU2OjEzLjU2NTc2NDkyNFoiLCAiY29uc3VtZWRfYWlydGltZSI6ICIxLjMxODkxMnMiLCAicGFja2V0X2Vycm9yX3JhdGUiOiAwLjUyMzgwOTU1LCAibmV0d29ya19pZHMiOiB7Im5ldF9pZCI6ICIwMDAwMTMiLCAibnNfaWQiOiAiRUM2NTZFMDAwMDAwMDE4MSIsICJ0ZW5hbnRfaWQiOiAidHRuIiwgImNsdXN0ZXJfaWQiOiAiZXUxIiwgImNsdXN0ZXJfYWRkcmVzcyI6ICJldTEuY2xvdWQudGhldGhpbmdzLm5ldHdvcmsifX19;down;
1727027864;88102CF61D;9.25;-7203.46;-58.00;1;344;0;0;0;1;;down;
1727027956;88102CF61E;9.50;-7206.60;-58.00;1;345;0;0;0;1;;down;
88102CF61F;1727028046;-5.2;-121;-7207.13;1;346;0;0;0;2;eyJlbmRfZGV2aWNlX2lkcyI6IHsiZGV2aWNlX2lkIjogImV1aS03MGIzZDU3ZWQwMDY4OTljIiwgImFwcGxpY2F0aW9uX2lkcyI6IHsiYXBwbGljYXRpb25faWQiOiAicHBpY292MS1kZW1vIn0sICJkZXZfZXVpIjogIjcwQjNENTdFRDAwNjg5OUMiLCAiZGV2X2FkZHIiOiAiMjYwQkJERTYifSwgImNvcnJlbGF0aW9uX2lkcyI6IFsiZ3M6dXBsaW5rOjAxSjhERTlBWjA5VjFQNlhDNDM1UURSQU1UIl0sICJyZWNlaXZlZF9hdCI6ICIyMDI0LTA5LTIyVDE4OjAwOjQ3LjAyMTMyMjg5OFoiLCAidXBsaW5rX21lc3NhZ2UiOiB7ImZfcG9ydCI6IDEsICJmX2NudCI6IDM0NiwgImZybV9wYXlsb2FkIjogImlCQXM5aDg9IiwgImRlY29kZWRfcGF5bG9hZCI6IHsiaGlzdG9yeSI6IDMxLCAicHJlc3MiOiA5ODQsICJyZXNldHMiOiAxMzYsICJzb2xhciI6IDAuMTYwNjI3NDUwOTgwMzkyMTYsICJ0ZW1wIjogMjJ9LCAicnhfbWV0YWRhdGEiOiBbeyJnYXRld2F5X2lkcyI6IHsiZ2F0ZXdheV9pZCI6ICJrZXJsaW5rLXdpcm5ldC1pb3QtMiIsICJldWkiOiAiNzI3NkZGMDAwQjAzMDkzNiJ9LCAidGltZSI6ICIyMDI0LTA5LTIyVDE4OjAwOjQ2WiIsICJ0aW1lc3RhbXAiOiAxNjk4MDg1ODYwLCAicnNzaSI6IC0xMjEsICJjaGFubmVsX3Jzc2kiOiAtMTIxLCAic25yIjogLTUuMiwgImxvY2F0aW9uIjogeyJsYXRpdHVkZSI6IDQ5LjIyMDQzMTg1NTU0Mjk0LCAibG9uZ2l0dWRlIjogMTYuNTA5MTQ0MDA4MTU5NjQsICJhbHRpdHVkZSI6IDI0MCwgInNvdXJjZSI6ICJTT1VSQ0VfUkVHSVNUUlkifSwgInVwbGlua190b2tlbiI6ICJDaUlLSUFvVWEyVnliR2x1YXkxM2FYSnVaWFF0YVc5MExUSVNDSEoyL3dBTEF3azJFT1QzMnFrR0dnd0l6cmJCdHdZUTIvMzBoQU1nb09XMzdyWDl0d0U9IiwgInJlY2VpdmVkX2F0IjogIjIwMjQtMDktMjJUMTg6MDA6NDYuODE1NjExNjExWiJ9XSwgInNldHRpbmdzIjogeyJkYXRhX3JhdGUiOiB7ImxvcmEiOiB7ImJhbmR3aWR0aCI6IDEyNTAwMCwgInNwcmVhZGluZ19mYWN0b3IiOiAxMiwgImNvZGluZ19yYXRlIjogIjQvNSJ9fSwgImZyZXF1ZW5jeSI6ICI4NjgxMDAwMDAiLCAidGltZXN0YW1wIjogMTY5ODA4NTg2MCwgInRpbWUiOiAiMjAyNC0wOS0yMlQxODowMDo0NloifSwgInJlY2VpdmVkX2F0IjogIjIwMjQtMDktMjJUMTg6MDA6NDYuODE2ODAyMzM0WiIsICJjb25zdW1lZF9haXJ0aW1lIjogIjEuMzE4OTEycyIsICJwYWNrZXRfZXJyb3JfcmF0ZSI6IDAuNTM0ODgzNzQsICJuZXR3b3JrX2lkcyI6IHsibmV0X2lkIjogIjAwMDAxMyIsICJuc19pZCI6ICJFQzY1NkUwMDAwMDAwMTgxIiwgInRlbmFudF9pZCI6ICJ0dG4iLCAiY2x1c3Rlcl9pZCI6ICJldTEiLCAiY2x1c3Rlcl9hZGRyZXNzIjogImV1MS5jbG91ZC50aGV0aGluZ3MubmV0d29yayJ9fX0=;down;
88102CF600;1727028137;-8.8;-122;-7210.79;1;347;0;0;0;2;eyJlbmRfZGV2aWNlX2lkcyI6IHsiZGV2aWNlX2lkIjogImV1aS03MGIzZDU3ZWQwMDY4OTljIiwgImFwcGxpY2F0aW9uX2lkcyI6IHsiYXBwbGljYXRpb25faWQiOiAicHBpY292MS1kZW1vIn0sICJkZXZfZXVpIjogIjcwQjNENTdFRDAwNjg5OUMiLCAiZGV2X2FkZHIiOiAiMjYwQkJERTYifSwgImNvcnJlbGF0aW9uX2lkcyI6IFsiZ3M6dXBsaW5rOjAxSjhERUMzV004WjFRQjFZS05HOTZWNjdYIl0sICJyZWNlaXZlZF9hdCI6ICIyMDI0LTA5LTIyVDE4OjAyOjE4LjA4MTgwOTg5MFoiLCAidXBsaW5rX21lc3NhZ2UiOiB7ImZfcG9ydCI6IDEsICJmX2NudCI6IDM0NywgImZybV9wYXlsb2FkIjogImlCQXM5Z0E9IiwgImRlY29kZWRfcGF5bG9hZCI6IHsiaGlzdG9yeSI6IDAsICJwcmVzcyI6IDk4NCwgInJlc2V0cyI6IDEzNiwgInNvbGFyIjogMC4xNjA2Mjc0NTA5ODAzOTIxNiwgInRlbXAiOiAyMn0sICJyeF9tZXRhZGF0YSI6IFt7ImdhdGV3YXlfaWRzIjogeyJnYXRld2F5X2lkIjogImtlcmxpbmstd2lybmV0LWlvdC0yIiwgImV1aSI6ICI3Mjc2RkYwMDBCMDMwOTM2In0sICJ0aW1lIjogIjIwMjQtMDktMjJUMTg6MDI6MTdaIiwgInRpbWVzdGFtcCI6IDE3ODkxNDczODgsICJyc3NpIjogLTEyMiwgImNoYW5uZWxfcnNzaSI6IC0xMjIsICJzbnIiOiAtOC44LCAibG9jYXRpb24iOiB7ImxhdGl0dWRlIjogNDkuMjIwNDMxODU1NTQyOTQsICJsb25naXR1ZGUiOiAxNi41MDkxNDQwMDgxNTk2NCwgImFsdGl0dWRlIjogMjQwLCAic291cmNlIjogIlNPVVJDRV9SRUdJU1RSWSJ9LCAidXBsaW5rX3Rva2VuIjogIkNpSUtJQW9VYTJWeWJHbHVheTEzYVhKdVpYUXRhVzkwTFRJU0NISjIvd0FMQXdrMkVQenhrTlVHR2d3SXFiZkJ0d1lRc3BuT29RTWc0TEQ2aTRtQXVBRT0iLCAicmVjZWl2ZWRfYXQiOiAiMjAyNC0wOS0yMlQxODowMjoxNy44NzU3OTM1ODZaIn1dLCAic2V0dGluZ3MiOiB7ImRhdGFfcmF0ZSI6IHsibG9yYSI6IHsiYmFuZHdpZHRoIjogMTI1MDAwLCAic3ByZWFkaW5nX2ZhY3RvciI6IDEyLCAiY29kaW5nX3JhdGUiOiAiNC81In19LCAiZnJlcXVlbmN5IjogIjg2ODEwMDAwMCIsICJ0aW1lc3RhbXAiOiAxNzg5MTQ3Mzg4LCAidGltZSI6ICIyMDI0LTA5LTIyVDE4OjAyOjE3WiJ9LCAicmVjZWl2ZWRfYXQiOiAiMjAyNC0wOS0yMlQxODowMjoxNy44NzcxNjU2NDRaIiwgImNvbnN1bWVkX2FpcnRpbWUiOiAiMS4zMTg5MTJzIiwgInBhY2tldF9lcnJvcl9yYXRlIjogMC41MjM4MDk1NSwgIm5ldHdvcmtfaWRzIjogeyJuZXRfaWQiOiAiMDAwMDEzIiwgIm5zX2lkIjogIkVDNjU2RTAwMDAwMDAxODEiLCAidGVuYW50X2lkIjogInR0biIsICJjbHVzdGVyX2lkIjogImV1MSIsICJjbHVzdGVyX2FkZHJlc3MiOiAiZXUxLmNsb3VkLnRoZXRoaW5ncy5uZXR3b3JrIn19fQ==;down;
89172DF602;1727028279;-12.2;-117;0;1;349;0;0;1;1;eyJlbmRfZGV2aWNlX2lkcyI6IHsiZGV2aWNlX2lkIjogImV1aS03MGIzZDU3ZWQwMDY4OTljIiwgImFwcGxpY2F0aW9uX2lkcyI6IHsiYXBwbGljYXRpb25faWQiOiAicHBpY292MS1kZW1vIn0sICJkZXZfZXVpIjogIjcwQjNENTdFRDAwNjg5OUMiLCAiZGV2X2FkZHIiOiAiMjYwQkJERTYifSwgImNvcnJlbGF0aW9uX2lkcyI6IFsiZ3M6dXBsaW5rOjAxSjhERUdEVEdEVzdTMlcwUjJERDhEWVZNIl0sICJyZWNlaXZlZF9hdCI6ICIyMDI0LTA5LTIyVDE4OjA0OjM5LjMzNzc4ODY2MloiLCAidXBsaW5rX21lc3NhZ2UiOiB7ImZfcG9ydCI6IDEsICJmX2NudCI6IDM0OSwgImZybV9wYXlsb2FkIjogImlSY3Q5Z0k9IiwgImRlY29kZWRfcGF5bG9hZCI6IHsiaGlzdG9yeSI6IDIsICJwcmVzcyI6IDk4NCwgInJlc2V0cyI6IDEzNywgInNvbGFyIjogMC4yMzA5MDE5NjA3ODQzMTM3MSwgInRlbXAiOiAyMi41fSwgInJ4X21ldGFkYXRhIjogW3siZ2F0ZXdheV9pZHMiOiB7ImdhdGV3YXlfaWQiOiAia2VybGluay13aXJuZXQtaW90LTIiLCAiZXVpIjogIjcyNzZGRjAwMEIwMzA5MzYifSwgInRpbWUiOiAiMjAyNC0wOS0yMlQxODowNDozOVoiLCAidGltZXN0YW1wIjogMTkzMDM4OTA2OCwgInJzc2kiOiAtMTE3LCAiY2hhbm5lbF9yc3NpIjogLTExNywgInNuciI6IC0xMi4yLCAibG9jYXRpb24iOiB7ImxhdGl0dWRlIjogNDkuMjIwNDMxODU1NTQyOTQsICJsb25naXR1ZGUiOiAxNi41MDkxNDQwMDgxNTk2NCwgImFsdGl0dWRlIjogMjQwLCAic291cmNlIjogIlNPVVJDRV9SRUdJU1RSWSJ9LCAidXBsaW5rX3Rva2VuIjogIkNpSUtJQW9VYTJWeWJHbHVheTEzYVhKdVpYUXRhVzkwTFRJU0NISjIvd0FMQXdrMkVNek12WmdIR2dzSXQ3akJ0d1lRa2FtQU9TRGdzWjZobDRTNEFRPT0iLCAicmVjZWl2ZWRfYXQiOiAiMjAyNC0wOS0yMlQxODowNDozOS4xMTk1NDI5MjlaIn1dLCAic2V0dGluZ3MiOiB7ImRhdGFfcmF0ZSI6IHsibG9yYSI6IHsiYmFuZHdpZHRoIjogMTI1MDAwLCAic3ByZWFkaW5nX2ZhY3RvciI6IDEyLCAiY29kaW5nX3JhdGUiOiAiNC81In19LCAiZnJlcXVlbmN5IjogIjg2ODEwMDAwMCIsICJ0aW1lc3RhbXAiOiAxOTMwMzg5MDY4LCAidGltZSI6ICIyMDI0LTA5LTIyVDE4OjA0OjM5WiJ9LCAicmVjZWl2ZWRfYXQiOiAiMjAyNC0wOS0yMlQxODowNDozOS4xMjA5Njk5MzBaIiwgImNvbnN1bWVkX2FpcnRpbWUiOiAiMS4zMTg5MTJzIiwgInBhY2tldF9lcnJvcl9yYXRlIjogMC41MzQ4ODM3NCwgIm5ldHdvcmtfaWRzIjogeyJuZXRfaWQiOiAiMDAwMDEzIiwgIm5zX2lkIjogIkVDNjU2RTAwMDAwMDAxODEiLCAidGVuYW50X2lkIjogInR0biIsICJjbHVzdGVyX2lkIjogImV1MSIsICJjbHVzdGVyX2FkZHJlc3MiOiAiZXUxLmNsb3VkLnRoZXRoaW5ncy5uZXR3b3JrIn19fQ==;down;
